TRAVEL_ID,가족/친지집,게스트하우스,기타,모텔/여관,민박,"야영(캠핑,글램핑등)",자연휴양림내 시설,전통 숙박시설,콘도미니엄/리조트,펜션,호텔,MAJOR_LODGE_TYPE,TOTAL_LODGE_WON
e_e000005,0,0,0,87000,0,0,0,0,121440,0,90000,"['모텔/여관', '콘도미니엄/리조트', '호텔']",298440
e_e000191,0,0,0,0,0,0,0,0,0,240000,0,['펜션'],240000
e_e000316,0,0,0,131095,0,0,0,0,0,0,0,['모텔/여관'],131095
e_e004870,0,0,0,0,0,0,260000,0,0,0,0,['자연휴양림내 시설'],260000
f_f000001,0,0,0,0,0,100000,0,0,0,0,0,"['야영(캠핑,글램핑등)']",100000
f_f000004,0,0,0,0,0,0,0,0,0,0,0,"['야영(캠핑,글램핑등)']",0
f_f000030,0,0,0,52000,0,0,0,0,0,75000,0,"['모텔/여관', '펜션']",127000
f_f001718,0,35000,0,0,0,0,0,0,0,0,0,['게스트하우스'],35000
f_f002508,0,0,0,0,0,0,0,0,119000,0,0,['콘도미니엄/리조트'],119000
f_f009789,0,0,0,0,0,0,0,0,0,0,118046,['호텔'],118046
g_g000003,0,0,209108,0,0,0,0,0,0,0,0,['기타'],209108
g_g000004,0,0,0,0,0,0,0,0,0,0,0,['가족/친지집'],0
g_g000009,0,0,0,0,0,50000,0,0,0,0,0,"['야영(캠핑,글램핑등)']",50000
g_g000010,0,0,0,0,0,0,0,0,0,0,60449,['호텔'],60449
g_g000016,0,0,0,150000,0,0,0,0,0,0,0,['모텔/여관'],150000
g_g000023,0,0,115530,0,0,0,0,0,0,0,0,['기타'],115530
g_g000026,0,124899,0,0,0,0,0,0,0,0,0,['게스트하우스'],124899
g_g000191,0,0,0,0,0,0,0,120000,0,0,0,['전통 숙박시설'],120000
g_g000198,0,0,0,0,0,0,0,0,0,290000,0,['펜션'],290000
g_g000204,0,0,0,35000,0,0,0,0,0,90000,0,"['모텔/여관', '펜션']",125000
g_g000206,0,0,0,0,0,0,0,0,0,0,145000,['호텔'],145000
g_g000210,0,0,0,53450,0,0,0,0,0,0,58000,"['모텔/여관', '호텔']",111450
g_g000215,0,0,0,0,0,0,0,0,0,0,97000,['호텔'],97000
g_g000220,0,0,0,0,0,0,152000,0,0,0,0,['자연휴양림내 시설'],152000
g_g000225,0,0,0,0,0,0,0,0,0,40000,0,['펜션'],40000
g_g000226,0,0,83181,0,0,0,0,0,0,0,0,['기타'],83181
g_g000231,0,0,0,0,0,0,0,0,0,0,46480,['호텔'],46480
g_g000233,0,0,0,0,0,0,0,0,0,0,0,['전통 숙박시설'],0
g_g000234,0,0,0,0,0,0,0,0,0,403152,0,['펜션'],403152
g_g000235,0,0,0,130000,0,0,0,0,0,0,162000,"['모텔/여관', '호텔']",292000
g_g000237,0,0,0,0,0,0,0,0,0,140000,0,['펜션'],140000
g_g000239,0,0,0,45000,0,0,0,0,0,0,0,['모텔/여관'],45000
g_g000240,0,0,0,0,0,0,0,0,0,0,114000,['호텔'],114000
g_g000242,0,0,0,0,0,0,0,0,0,162650,0,['펜션'],162650
g_g000249,0,0,0,0,0,200000,0,0,0,0,0,"['야영(캠핑,글램핑등)']",200000
g_g000251,0,0,0,0,0,50000,0,0,0,0,0,"['야영(캠핑,글램핑등)']",50000
g_g000256,0,0,0,0,0,0,76000,0,0,0,0,['자연휴양림내 시설'],76000
g_g000258,0,0,0,0,0,0,0,0,0,340000,0,['펜션'],340000
g_g000259,0,0,0,130000,0,0,0,0,0,0,0,['모텔/여관'],130000
g_g000260,0,0,0,0,60000,0,0,0,0,0,168538,['호텔'],228538
g_g000262,0,90000,0,0,0,0,0,0,0,0,0,['게스트하우스'],90000
g_g000264,0,0,0,0,0,0,0,0,0,0,204600,['호텔'],204600
g_g000269,0,0,0,0,0,0,75000,0,334977,0,0,"['자연휴양림내 시설', '콘도미니엄/리조트']",409977
g_g000285,0,0,0,0,287900,0,0,0,0,0,0,['민박'],287900
g_g000290,0,0,0,0,135000,0,0,0,0,0,0,['민박'],135000
g_g000298,0,0,0,0,0,0,0,0,0,0,494000,['호텔'],494000
g_g000299,0,0,0,0,0,0,0,0,120000,0,0,['콘도미니엄/리조트'],120000
g_g000301,0,0,0,0,0,0,0,0,0,0,200079,['호텔'],200079
g_g000305,0,0,0,0,0,0,0,0,0,0,148772,['호텔'],148772
g_g000306,0,0,420000,0,0,0,0,0,0,0,0,['기타'],420000
g_g000308,0,0,0,0,0,0,0,0,170000,0,0,['콘도미니엄/리조트'],170000
g_g000309,0,0,0,133000,0,0,0,0,0,0,0,['모텔/여관'],133000
g_g000311,0,0,0,0,0,0,0,0,0,0,1024200,['호텔'],1024200
g_g000312,0,0,0,0,0,0,0,0,0,0,260000,['호텔'],260000
g_g000314,0,0,0,0,0,0,0,0,0,0,206800,['호텔'],206800
g_g000316,0,0,0,50000,0,0,0,0,0,0,0,['모텔/여관'],50000
g_g000318,0,0,0,0,0,0,58000,0,0,0,110000,"['자연휴양림내 시설', '호텔']",168000
g_g000319,0,0,0,0,0,0,0,0,0,0,97200,['호텔'],97200
g_g000320,0,0,120000,0,0,0,95400,0,0,0,0,"['기타', '자연휴양림내 시설']",215400
g_g000328,0,100000,0,0,0,0,0,470475,0,0,0,['게스트하우스'],570475
g_g000334,0,0,0,80000,0,0,0,0,0,0,0,['모텔/여관'],80000
g_g000339,0,0,0,0,0,54999,0,0,0,0,0,"['야영(캠핑,글램핑등)']",54999
g_g000341,0,0,0,0,0,65000,0,0,0,0,0,"['야영(캠핑,글램핑등)']",65000
g_g000345,0,0,0,0,0,0,0,0,0,0,150000,['호텔'],150000
g_g000348,0,0,181381,0,0,0,0,0,0,0,0,['기타'],181381
g_g000351,0,0,0,0,0,0,0,0,200000,0,0,['콘도미니엄/리조트'],200000
g_g000354,0,0,0,0,0,0,0,0,0,0,22000,['호텔'],22000
g_g000357,0,0,0,0,0,0,0,0,0,0,187000,['호텔'],187000
g_g000374,0,0,0,0,0,0,0,0,260000,0,0,['콘도미니엄/리조트'],260000
g_g000378,0,0,0,0,0,0,0,0,0,0,255000,['호텔'],255000
g_g000380,0,0,0,0,0,0,0,0,0,0,155000,['호텔'],155000
g_g000384,0,0,0,0,0,160000,0,0,0,415906,0,"['야영(캠핑,글램핑등)', '펜션']",575906
g_g000389,0,28000,0,23000,0,0,0,0,0,0,0,"['게스트하우스', '모텔/여관']",51000
g_g000391,0,0,0,0,0,0,0,0,0,0,358718,['호텔'],358718
g_g000393,0,0,0,0,0,0,80000,0,0,0,0,['자연휴양림내 시설'],80000
g_g000396,0,0,0,0,0,0,0,0,0,0,95000,['호텔'],95000
g_g000397,0,0,0,0,0,0,0,0,0,0,8259,['호텔'],8259
g_g000404,0,0,0,0,0,189000,0,0,0,0,0,"['야영(캠핑,글램핑등)']",189000
g_g000409,0,19580,0,0,0,0,0,0,90000,0,0,"['게스트하우스', '콘도미니엄/리조트']",109580
g_g000413,0,180000,0,0,0,0,0,0,0,0,0,['게스트하우스'],180000
g_g000414,0,0,0,0,0,0,0,0,0,0,224532,['호텔'],224532
g_g000418,0,0,0,0,0,0,0,0,0,0,290000,['호텔'],290000
g_g000419,0,0,0,0,0,0,0,0,0,0,215000,['호텔'],215000
g_g000423,0,0,0,0,0,0,110000,0,0,0,0,['자연휴양림내 시설'],110000
g_g000425,0,0,0,0,0,0,0,0,0,70000,0,['펜션'],70000
g_g000427,0,0,0,0,0,0,0,0,288000,0,0,['콘도미니엄/리조트'],288000
g_g000429,0,95874,0,0,0,0,0,0,0,0,0,['게스트하우스'],95874
g_g000430,0,0,0,0,0,0,0,0,0,0,40000,['호텔'],40000
g_g000435,0,0,0,0,0,100000,0,0,0,0,0,"['야영(캠핑,글램핑등)']",100000
g_g000437,0,0,0,0,0,0,60000,0,0,0,0,['자연휴양림내 시설'],60000
g_g000440,0,0,0,0,0,0,0,0,0,0,60000,['호텔'],60000
g_g000441,0,0,0,57000,0,0,0,0,0,0,0,['모텔/여관'],57000
g_g000442,0,0,0,60000,0,0,0,0,175500,0,0,"['모텔/여관', '콘도미니엄/리조트']",235500
g_g000443,0,0,0,0,0,0,0,0,0,200000,0,['펜션'],200000
g_g000453,0,0,0,0,0,0,0,0,0,0,430000,['호텔'],430000
g_g000459,0,40000,0,0,0,0,0,0,0,130000,0,"['게스트하우스', '펜션']",170000
g_g000460,0,0,0,0,0,0,0,0,167000,0,0,['콘도미니엄/리조트'],167000
g_g000464,0,0,0,0,0,0,0,0,0,0,0,['가족/친지집'],0
g_g000466,0,0,0,0,0,0,0,0,0,0,127987,['호텔'],127987
g_g000469,0,0,0,0,0,0,0,0,0,0,50000,['호텔'],50000
g_g000471,0,180000,0,0,0,0,0,0,0,0,0,['게스트하우스'],180000
g_g000473,0,0,0,0,0,0,0,0,0,0,0,['가족/친지집'],0
g_g000474,0,0,0,0,0,0,0,55000,0,0,0,['전통 숙박시설'],55000
g_g000478,0,0,0,0,0,0,0,0,0,0,167529,['호텔'],167529
g_g000480,0,0,0,0,0,50000,0,0,0,0,0,"['야영(캠핑,글램핑등)']",50000
g_g000481,0,0,0,0,0,0,190000,0,0,0,0,['자연휴양림내 시설'],190000
g_g000487,0,0,0,0,0,110000,0,0,0,0,0,"['야영(캠핑,글램핑등)']",110000
g_g000490,0,0,0,0,0,0,0,35000,0,0,0,['전통 숙박시설'],35000
g_g000492,0,0,0,0,0,156400,0,0,0,0,0,"['야영(캠핑,글램핑등)']",156400
g_g000494,0,0,0,90000,0,0,0,0,0,0,0,['모텔/여관'],90000
g_g000498,0,0,0,0,0,0,0,0,0,0,145000,['호텔'],145000
g_g000499,0,0,0,0,196400,0,0,0,0,0,0,['민박'],196400
g_g000502,0,0,0,0,0,0,0,0,0,0,78000,"['펜션', '호텔']",78000
g_g000503,0,0,0,0,0,0,0,0,291000,0,0,['콘도미니엄/리조트'],291000
g_g000506,0,0,0,60000,0,0,0,0,0,0,149000,"['모텔/여관', '호텔']",209000
g_g000507,0,0,0,0,0,50000,0,0,0,0,0,"['야영(캠핑,글램핑등)']",50000
g_g000510,0,0,0,0,0,0,0,0,61500,0,0,['콘도미니엄/리조트'],61500
g_g000515,0,0,0,0,0,0,0,0,0,0,120000,['호텔'],120000
g_g000519,0,0,0,0,0,0,0,0,0,0,158950,['호텔'],158950
g_g000522,0,0,0,0,0,0,0,0,442000,0,0,['콘도미니엄/리조트'],442000
g_g000532,0,0,0,0,0,40000,0,0,0,0,0,"['야영(캠핑,글램핑등)']",40000
g_g000536,0,0,0,55000,0,0,0,0,0,0,65000,"['모텔/여관', '호텔']",120000
g_g000540,0,0,0,0,0,0,0,0,0,0,60000,['호텔'],60000
g_g000541,0,0,0,0,0,0,0,0,0,0,262500,['호텔'],262500
g_g000544,0,0,0,0,118799,0,0,0,0,0,0,['민박'],118799
g_g000545,0,0,0,45000,0,0,0,0,0,0,0,['모텔/여관'],45000
g_g000546,0,0,0,0,0,0,0,0,0,0,0,['가족/친지집'],0
g_g000552,0,0,0,60000,0,0,0,0,0,0,0,['모텔/여관'],60000
g_g000556,0,0,40000,0,0,0,0,0,0,0,0,['기타'],40000
g_g000558,0,0,0,0,0,0,0,0,0,0,200000,['호텔'],200000
g_g000560,0,0,0,0,0,100000,0,0,0,0,0,"['야영(캠핑,글램핑등)']",100000
g_g000569,0,0,0,100000,0,0,0,0,0,0,140000,['모텔/여관'],240000
g_g000570,0,0,0,0,0,0,0,0,132000,0,0,['콘도미니엄/리조트'],132000
g_g000571,0,0,0,0,0,0,0,0,0,0,452174,['호텔'],452174
g_g000577,0,0,0,0,0,0,225000,0,0,0,0,['자연휴양림내 시설'],225000
g_g000581,0,0,0,0,0,0,0,0,17500,0,0,['콘도미니엄/리조트'],17500
g_g000590,0,0,0,0,0,0,0,0,0,0,230534,['호텔'],230534
g_g000592,0,0,0,0,119500,0,0,0,85000,0,0,"['민박', '콘도미니엄/리조트']",204500
g_g000602,0,80000,0,0,0,0,0,0,0,0,0,['게스트하우스'],80000
g_g000604,0,0,0,0,0,0,0,0,0,230000,0,['펜션'],230000
g_g000605,0,0,0,0,0,0,0,0,0,0,130610,['호텔'],130610
g_g000607,0,0,0,156000,0,0,0,0,0,0,0,['모텔/여관'],156000
g_g000611,0,0,0,151000,0,0,0,0,0,0,0,['모텔/여관'],151000
g_g000618,0,0,0,0,0,0,0,0,256000,0,0,['콘도미니엄/리조트'],256000
g_g000619,0,0,34000,0,0,0,0,0,0,0,0,['기타'],34000
g_g000622,0,0,0,0,0,0,0,0,0,90000,79000,"['콘도미니엄/리조트', '펜션', '호텔']",169000
g_g000637,0,0,0,0,0,0,0,0,61500,0,0,['콘도미니엄/리조트'],61500
g_g000638,0,32000,0,17900,0,23000,0,0,0,0,0,"['게스트하우스', '모텔/여관', '야영(캠핑,글램핑등)']",72900
g_g000639,0,0,0,116000,0,0,0,0,0,0,145413,"['모텔/여관', '호텔']",261413
g_g000642,0,0,0,0,0,0,0,0,0,149000,0,['펜션'],149000
g_g000643,0,0,0,0,0,0,0,0,0,220000,0,['펜션'],220000
g_g000648,0,0,0,110000,0,0,0,0,0,145000,0,"['모텔/여관', '펜션']",255000
g_g000651,0,0,0,55000,0,0,0,0,0,0,0,['모텔/여관'],55000
g_g000654,0,0,0,0,0,0,0,0,0,0,127640,['호텔'],127640
g_g000657,0,0,0,0,0,0,0,0,0,0,150000,['호텔'],150000
g_g000658,0,0,0,0,0,0,80000,0,0,0,0,['자연휴양림내 시설'],80000
g_g000665,0,0,0,0,0,0,0,0,0,0,435000,['호텔'],435000
g_g000670,0,0,0,0,0,0,0,0,0,0,150000,['호텔'],150000
g_g000678,0,80000,0,0,0,0,0,0,0,0,0,['게스트하우스'],80000
g_g000680,0,0,0,0,0,0,0,0,0,0,81000,['호텔'],81000
g_g000681,0,0,0,0,0,0,0,0,367000,0,0,['콘도미니엄/리조트'],367000
g_g000687,0,0,0,40000,0,0,0,0,0,0,0,['모텔/여관'],40000
g_g000688,0,0,0,0,0,0,0,0,0,0,198000,['호텔'],198000
g_g000695,0,0,0,0,0,0,0,0,0,0,556273,['호텔'],556273
g_g000696,0,35000,0,0,0,0,0,0,0,0,0,['게스트하우스'],35000
g_g000697,0,0,0,39053,0,0,0,0,0,74000,0,"['모텔/여관', '펜션']",113053
g_g000699,0,0,0,0,0,0,0,0,50000,0,0,['콘도미니엄/리조트'],50000
g_g000702,0,0,0,0,0,0,0,0,146000,0,0,['콘도미니엄/리조트'],146000
g_g000703,0,0,0,0,0,0,0,0,0,0,70000,['호텔'],70000
g_g000709,0,110000,0,0,0,0,0,0,0,0,0,['게스트하우스'],110000
g_g000710,0,0,0,0,0,0,0,0,0,0,146214,['호텔'],146214
g_g000712,0,0,0,0,0,0,0,0,0,80000,0,['펜션'],80000
g_g000714,0,0,0,0,0,35000,0,0,0,0,0,"['야영(캠핑,글램핑등)']",35000
g_g000716,0,0,0,0,0,0,0,0,0,0,104824,['호텔'],104824
g_g000719,0,0,0,0,0,0,0,0,152000,0,0,['콘도미니엄/리조트'],152000
g_g000722,0,0,0,0,0,200000,0,0,0,0,0,"['야영(캠핑,글램핑등)']",200000
g_g000726,0,0,0,0,0,0,0,0,0,0,69000,['호텔'],69000
g_g000727,0,0,0,0,0,0,0,210000,0,0,0,['전통 숙박시설'],210000
g_g000729,0,0,0,0,0,0,60000,0,0,0,0,['자연휴양림내 시설'],60000
g_g000730,0,0,0,0,0,0,0,0,199000,0,0,['콘도미니엄/리조트'],199000
g_g000732,0,0,0,0,0,0,0,0,0,240000,0,['펜션'],240000
g_g000734,0,0,0,0,0,0,0,0,0,250000,0,['펜션'],250000
g_g000736,0,0,0,0,0,0,112000,0,0,0,0,['자연휴양림내 시설'],112000
g_g000742,0,0,256179,0,0,0,0,0,0,0,0,['기타'],256179
g_g000743,0,0,0,0,0,0,0,0,0,0,110000,['호텔'],110000
g_g000747,0,0,0,0,0,0,0,0,0,0,156000,['호텔'],156000
g_g000751,0,0,0,0,0,150000,0,0,0,0,0,"['야영(캠핑,글램핑등)']",150000
g_g000754,0,0,0,0,0,0,0,0,400000,0,0,['콘도미니엄/리조트'],400000
g_g000756,0,0,0,80000,0,0,0,0,0,0,0,['모텔/여관'],80000
g_g000769,0,0,0,0,0,0,0,0,0,119880,0,['펜션'],119880
g_g000770,0,0,0,80000,0,0,0,0,0,0,0,['모텔/여관'],80000
g_g000773,0,0,0,0,0,0,0,0,80000,0,0,['콘도미니엄/리조트'],80000
g_g000775,0,0,0,0,0,0,0,0,0,0,366156,['호텔'],366156
g_g000776,50000,0,0,0,0,0,0,0,0,0,0,['가족/친지집'],50000
g_g000779,0,30000,0,0,0,0,0,0,0,0,0,['게스트하우스'],30000
g_g000781,0,0,0,0,60000,0,120600,0,0,0,0,"['민박', '자연휴양림내 시설']",180600
g_g000786,0,0,0,0,0,0,0,0,63900,0,0,['콘도미니엄/리조트'],63900
g_g000788,0,0,0,0,0,0,0,0,0,0,362220,['호텔'],362220
g_g000789,0,0,0,0,0,0,0,0,0,0,72000,['호텔'],72000
g_g000790,0,0,0,0,0,70000,0,0,0,0,0,"['야영(캠핑,글램핑등)']",70000
g_g000794,0,0,0,0,0,0,0,0,146000,0,0,['콘도미니엄/리조트'],146000
g_g000804,0,0,0,0,0,80000,0,0,0,0,0,"['야영(캠핑,글램핑등)']",80000
g_g000807,0,0,0,0,0,0,0,0,0,0,86120,['호텔'],86120
g_g000808,0,0,0,0,0,0,0,50000,0,0,150000,"['전통 숙박시설', '호텔']",200000
g_g000809,0,0,0,0,0,0,0,0,0,0,70000,['호텔'],70000
g_g000812,0,0,0,0,0,0,0,0,0,0,0,['펜션'],0
g_g000815,0,0,0,0,0,0,0,0,86171,70000,0,"['콘도미니엄/리조트', '펜션']",156171
g_g000818,0,0,0,0,0,0,0,0,0,160000,0,['펜션'],160000
g_g000819,0,0,0,0,0,0,0,0,0,220000,0,['펜션'],220000
g_g000820,0,0,0,0,0,0,0,0,0,100000,0,['펜션'],100000
g_g000826,0,0,35000,0,0,0,0,0,0,0,0,['기타'],35000
g_g000831,0,0,0,0,0,0,0,0,514391,0,0,['콘도미니엄/리조트'],514391
g_g000832,0,0,0,0,0,40000,0,0,0,0,0,"['야영(캠핑,글램핑등)']",40000
g_g000842,0,0,0,0,0,0,0,0,0,175000,0,['펜션'],175000
g_g000859,0,0,0,0,0,0,0,0,0,200000,0,['펜션'],200000
g_g000861,0,0,0,0,0,0,110000,0,0,0,0,['자연휴양림내 시설'],110000
g_g000862,0,0,0,48000,0,0,0,0,0,0,0,['모텔/여관'],48000
g_g000864,0,0,0,88793,0,0,0,0,0,0,0,['모텔/여관'],88793
g_g000866,0,0,0,0,0,0,0,0,0,0,510000,['호텔'],510000
g_g000867,0,0,0,0,0,0,0,0,0,248000,0,['펜션'],248000
g_g000869,0,0,0,51300,0,0,0,0,0,0,0,['모텔/여관'],51300
g_g000871,0,0,0,0,0,0,0,0,45000,0,0,['콘도미니엄/리조트'],45000
g_g000875,0,180000,0,0,0,0,0,0,0,0,0,['게스트하우스'],180000
g_g000880,0,0,0,0,0,0,0,0,235000,100000,0,"['콘도미니엄/리조트', '펜션']",335000
g_g000881,0,0,0,0,0,0,0,0,0,1114000,0,['펜션'],1114000
g_g000892,0,0,0,0,0,0,0,0,138000,0,0,['콘도미니엄/리조트'],138000
g_g000901,0,0,0,117600,0,0,0,0,0,0,257000,"['모텔/여관', '호텔']",374600
g_g000902,0,50000,0,0,0,0,0,0,0,0,0,['게스트하우스'],50000
g_g000906,0,0,0,0,0,0,0,0,0,0,0,['가족/친지집'],0
g_g000907,0,0,0,0,0,0,0,0,0,0,175570,['호텔'],175570
g_g000910,0,0,0,0,0,0,0,170000,0,0,0,['전통 숙박시설'],170000
g_g000913,0,0,0,0,0,0,0,0,0,0,201720,['호텔'],201720
g_g000920,0,0,0,0,40000,0,0,0,0,55000,0,"['기타', '민박', '펜션']",95000
g_g000931,0,0,86130,0,0,0,0,0,0,0,0,['기타'],86130
g_g000935,0,0,205223,0,0,0,0,0,0,0,0,['기타'],205223
g_g000937,0,0,0,0,0,0,0,0,0,0,0,['자연휴양림내 시설'],0
g_g000940,0,0,0,0,94000,0,0,0,0,0,0,['민박'],94000
g_g000944,0,0,0,186049,0,0,0,0,0,0,0,['모텔/여관'],186049
g_g000950,0,0,0,0,0,0,0,0,0,108000,0,['펜션'],108000
g_g000952,0,0,0,0,0,0,0,0,0,0,60000,['호텔'],60000
g_g000954,0,0,0,0,0,0,0,0,754000,0,0,['콘도미니엄/리조트'],754000
g_g000959,0,0,0,0,0,0,0,0,0,0,358400,['호텔'],358400
g_g000965,0,0,0,0,0,0,0,0,0,0,109650,['호텔'],109650
g_g000967,0,0,0,108000,0,0,0,0,0,0,0,['모텔/여관'],108000
g_g000972,0,0,0,0,0,0,0,0,0,0,270644,['호텔'],270644
g_g000974,0,83610,0,0,0,0,0,0,0,0,0,['게스트하우스'],83610
g_g000983,0,0,0,0,0,28000,0,0,0,0,0,"['야영(캠핑,글램핑등)']",28000
g_g000985,0,0,0,0,0,0,0,0,0,0,0,['가족/친지집'],0
g_g000986,0,0,0,0,0,0,0,0,0,190000,0,['펜션'],190000
g_g000987,0,0,0,80000,0,0,0,0,0,0,0,['모텔/여관'],80000
g_g000989,0,0,0,0,0,0,0,0,0,0,0,['호텔'],0
g_g000991,0,0,0,0,0,0,0,175187,0,0,0,['전통 숙박시설'],175187
g_g000992,0,68000,0,0,0,0,0,0,0,0,0,['게스트하우스'],68000
g_g000993,0,0,0,0,0,0,0,0,0,0,188900,['호텔'],188900
g_g000998,0,0,0,0,0,0,0,0,0,0,0,['가족/친지집'],0
g_g001000,0,0,0,0,0,0,0,0,0,0,99900,['호텔'],99900
g_g001002,0,0,0,0,0,0,0,0,0,0,70000,['호텔'],70000
g_g001004,0,0,0,0,0,0,0,0,0,480000,70000,['펜션'],550000
g_g001006,0,0,0,0,0,0,0,0,0,0,144000,['호텔'],144000
g_g001008,0,0,0,0,0,0,260000,0,0,0,0,['자연휴양림내 시설'],260000
g_g001011,0,0,0,0,0,180000,0,0,0,0,0,"['야영(캠핑,글램핑등)']",180000
g_g001014,0,0,0,0,0,0,0,0,0,0,150000,['호텔'],150000
g_g001019,0,0,0,0,0,0,0,0,0,0,139412,['호텔'],139412
g_g001022,0,0,0,0,0,0,0,0,0,0,58000,['호텔'],58000
g_g001028,0,0,0,0,0,160000,0,0,0,0,0,"['야영(캠핑,글램핑등)']",160000
g_g001033,0,0,0,0,0,0,0,0,0,0,116900,['호텔'],116900
g_g001036,0,0,0,0,0,200000,0,0,0,0,0,"['야영(캠핑,글램핑등)']",200000
g_g001039,0,0,0,0,0,0,0,0,100000,0,0,['콘도미니엄/리조트'],100000
g_g001040,0,0,0,0,0,0,0,0,0,0,0,['펜션'],0
g_g001041,0,0,0,0,0,0,0,0,0,0,250000,['호텔'],250000
g_g001047,0,0,0,0,0,0,0,85000,0,0,0,['전통 숙박시설'],85000
g_g001051,0,0,0,0,0,0,0,0,0,0,216000,['호텔'],216000
g_g001053,0,73650,0,0,0,0,0,0,0,0,0,['게스트하우스'],73650
g_g001056,0,0,0,0,0,0,0,0,192000,0,0,['콘도미니엄/리조트'],192000
g_g001063,0,0,0,0,0,0,0,0,0,0,127500,['호텔'],127500
g_g001076,0,0,25000,0,0,0,0,0,0,120000,0,"['기타', '펜션']",145000
g_g001077,0,0,0,0,0,200000,0,0,0,0,0,"['야영(캠핑,글램핑등)']",200000
g_g001081,0,0,0,0,0,111000,0,0,0,120000,0,"['야영(캠핑,글램핑등)', '펜션']",231000
g_g001083,0,0,0,0,0,0,0,0,0,140000,0,['펜션'],140000
g_g001086,0,0,0,38000,0,0,0,0,0,0,0,['모텔/여관'],38000
g_g001095,0,0,0,0,0,0,0,0,0,0,380000,['호텔'],380000
g_g001100,0,0,0,0,0,0,0,0,0,0,256564,['호텔'],256564
g_g001101,0,0,0,0,0,0,0,0,0,0,357940,['호텔'],357940
g_g001104,0,0,0,0,0,0,0,0,0,139000,0,['펜션'],139000
g_g001109,0,0,0,0,0,0,0,0,78418,0,0,['콘도미니엄/리조트'],78418
g_g001111,0,0,0,0,0,0,0,0,398580,0,0,['콘도미니엄/리조트'],398580
g_g001112,0,0,0,0,0,0,0,0,0,0,213445,['호텔'],213445
g_g001124,0,0,0,35000,0,0,0,0,0,0,0,['모텔/여관'],35000
g_g001132,0,0,0,0,0,120000,0,0,0,0,0,"['야영(캠핑,글램핑등)']",120000
g_g001133,0,0,0,0,0,0,0,0,0,0,60000,['호텔'],60000
g_g001138,0,0,0,0,0,0,65000,0,0,0,0,['자연휴양림내 시설'],65000
g_g001144,0,0,0,0,0,0,0,0,279000,0,0,['콘도미니엄/리조트'],279000
g_g001147,0,0,0,0,0,0,0,0,0,0,0,"['야영(캠핑,글램핑등)']",0
g_g001148,0,0,0,0,0,0,0,0,136000,0,0,['콘도미니엄/리조트'],136000
g_g001154,0,0,0,0,0,0,0,0,0,0,80000,['호텔'],80000
g_g001156,0,0,0,0,0,55000,0,0,0,0,0,"['야영(캠핑,글램핑등)']",55000
g_g001164,0,0,0,43000,0,0,0,0,0,0,0,['모텔/여관'],43000
g_g001169,0,0,0,0,0,0,0,35000,0,0,0,['전통 숙박시설'],35000
g_g001178,0,0,0,0,0,160000,0,0,0,0,0,"['야영(캠핑,글램핑등)']",160000
g_g001189,0,0,0,0,0,0,0,0,0,0,107000,['호텔'],107000
g_g001194,0,0,0,0,0,0,0,0,0,0,58500,['호텔'],58500
g_g001196,0,0,0,0,0,0,0,0,0,0,0,['가족/친지집'],0
g_g001197,0,0,0,0,0,0,0,0,0,0,85000,['호텔'],85000
g_g001200,0,0,0,0,0,0,0,0,0,180000,0,['펜션'],180000
g_g001203,0,0,0,0,0,0,0,0,0,0,74702,['호텔'],74702
g_g001208,0,0,0,0,0,0,0,0,96790,0,0,['콘도미니엄/리조트'],96790
g_g001221,0,0,0,0,0,0,0,0,0,0,95000,['호텔'],95000
g_g001222,0,0,0,0,0,0,0,0,0,0,0,"['야영(캠핑,글램핑등)']",0
g_g001223,0,0,0,0,0,0,0,0,0,40000,0,['펜션'],40000
g_g001225,0,0,0,0,0,0,0,0,0,0,0,['모텔/여관'],0
g_g001227,0,0,0,0,0,30000,0,0,0,0,0,"['야영(캠핑,글램핑등)']",30000
g_g001230,0,0,0,0,0,55000,0,0,0,0,0,"['야영(캠핑,글램핑등)']",55000
g_g001231,0,0,0,0,0,0,0,0,0,0,143650,['호텔'],143650
g_g001233,0,0,0,0,0,0,0,0,0,0,117645,['호텔'],117645
g_g001243,0,0,0,37000,0,0,0,0,0,0,0,['모텔/여관'],37000
g_g001250,0,0,0,0,0,0,0,0,0,260000,0,['펜션'],260000
g_g001256,0,0,0,0,0,0,0,0,0,280000,0,['펜션'],280000
g_g001258,0,0,0,0,0,0,0,0,0,0,175000,['호텔'],175000
g_g001272,0,0,0,0,0,0,0,0,0,0,100000,['호텔'],100000
g_g001276,0,66000,0,0,0,0,0,0,0,0,0,['게스트하우스'],66000
g_g001280,0,0,0,0,0,0,0,0,0,121824,0,['펜션'],121824
g_g001290,0,0,0,0,0,0,126000,0,0,0,0,['자연휴양림내 시설'],126000
g_g001296,0,0,0,50000,0,0,0,0,0,0,0,['모텔/여관'],50000
g_g001297,0,0,0,0,0,0,0,0,0,0,0,['가족/친지집'],0
g_g001299,0,0,0,0,0,0,0,0,0,150000,0,['펜션'],150000
g_g001301,0,0,100510,0,0,0,0,0,0,0,0,['기타'],100510
g_g001313,0,0,0,0,0,0,0,0,0,0,76500,['호텔'],76500
g_g001315,0,0,0,0,0,0,0,0,0,0,130118,['호텔'],130118
g_g001337,0,0,0,0,0,55000,0,0,0,0,0,"['야영(캠핑,글램핑등)']",55000
g_g001338,0,0,0,0,0,0,0,0,0,0,120000,['호텔'],120000
g_g001343,0,0,0,0,0,270000,0,0,0,0,0,"['야영(캠핑,글램핑등)']",270000
g_g001344,0,0,0,25000,0,0,0,0,0,0,0,['모텔/여관'],25000
g_g001346,0,0,0,0,0,0,0,0,0,130000,0,['펜션'],130000
g_g001350,0,0,0,25000,0,0,0,0,0,0,108899,"['모텔/여관', '호텔']",133899
g_g001352,0,0,0,0,0,0,0,0,0,0,268000,['호텔'],268000
g_g001362,0,0,0,0,0,195000,0,0,0,0,0,"['야영(캠핑,글램핑등)']",195000
g_g001364,0,0,0,0,0,0,0,0,0,144000,0,['펜션'],144000
g_g001374,0,0,0,0,0,0,0,0,139000,0,0,['콘도미니엄/리조트'],139000
g_g001381,0,0,0,0,0,0,0,0,0,89000,0,['펜션'],89000
g_g001386,0,0,0,0,0,0,0,0,0,0,0,['민박'],0
g_g001388,0,0,0,0,0,0,0,0,0,460000,0,['펜션'],460000
g_g001390,0,18000,0,0,0,0,0,0,0,0,0,['게스트하우스'],18000
g_g001564,0,0,0,0,0,0,0,0,0,0,80000,['호텔'],80000
g_g001575,0,0,0,0,0,0,0,0,0,182400,0,['펜션'],182400
g_g001576,0,0,0,25000,0,0,0,0,0,0,0,['모텔/여관'],25000
g_g001584,0,0,0,0,0,0,0,0,0,0,122760,['호텔'],122760
g_g001587,0,0,0,33000,0,0,0,0,0,0,0,['모텔/여관'],33000
g_g001590,0,138635,0,0,0,0,0,0,0,0,0,['게스트하우스'],138635
g_g001598,0,0,0,0,0,0,0,0,10000,0,0,['콘도미니엄/리조트'],10000
g_g001599,0,0,0,0,0,0,0,0,129800,0,0,['콘도미니엄/리조트'],129800
g_g001603,0,0,0,0,0,0,0,0,0,0,79000,['호텔'],79000
g_g001612,0,0,0,55000,0,0,0,0,0,0,0,['모텔/여관'],55000
g_g001619,0,0,0,0,0,0,50000,0,0,0,0,['자연휴양림내 시설'],50000
g_g001620,0,0,0,0,0,25000,0,0,0,0,0,"['야영(캠핑,글램핑등)']",25000
g_g001630,0,0,0,0,0,0,0,0,0,61000,0,['펜션'],61000
g_g001640,0,0,0,90000,0,0,0,0,0,0,0,['모텔/여관'],90000
g_g001644,0,0,0,0,0,0,0,0,0,0,39000,['호텔'],39000
g_g001645,0,0,0,0,0,0,0,0,420000,0,0,['콘도미니엄/리조트'],420000
g_g001651,0,0,0,55800,0,0,0,0,0,0,0,['모텔/여관'],55800
g_g001656,0,0,0,0,0,0,0,0,0,0,50000,['호텔'],50000
g_g001662,0,0,0,0,0,70000,0,0,0,0,0,"['야영(캠핑,글램핑등)']",70000
g_g001674,0,0,0,0,0,0,0,0,142000,0,0,['콘도미니엄/리조트'],142000
g_g001678,0,100000,0,0,0,0,0,0,0,0,453198,"['게스트하우스', '호텔']",553198
g_g001681,0,0,0,0,0,0,0,0,156820,0,0,['콘도미니엄/리조트'],156820
g_g001682,0,0,0,0,0,40000,0,0,0,0,0,"['야영(캠핑,글램핑등)']",40000
g_g001689,0,0,0,0,0,0,0,0,0,150000,0,['펜션'],150000
g_g001692,0,0,0,0,0,0,100000,0,0,0,0,['자연휴양림내 시설'],100000
g_g001698,0,0,0,30000,0,0,0,0,0,0,0,['모텔/여관'],30000
g_g001700,0,0,0,0,0,0,0,0,0,200000,0,['펜션'],200000
g_g001701,0,0,0,0,0,0,0,0,0,30000,0,['펜션'],30000
g_g001702,0,0,0,50000,0,0,0,0,0,0,0,['모텔/여관'],50000
g_g001703,0,0,0,0,0,0,0,0,0,0,35000,['호텔'],35000
g_g001704,0,0,0,25000,0,0,0,0,0,0,0,['모텔/여관'],25000
g_g001710,0,0,0,0,0,0,0,0,0,0,30000,['호텔'],30000
g_g001716,0,66333,0,0,0,0,0,0,0,0,0,['게스트하우스'],66333
g_g001718,0,0,0,0,0,0,0,0,90000,0,0,['콘도미니엄/리조트'],90000
g_g001722,0,0,0,0,0,0,0,0,0,0,70000,['호텔'],70000
g_g001733,0,0,0,40000,0,0,0,0,0,0,0,['모텔/여관'],40000
g_g001734,0,0,0,0,0,0,0,0,0,0,75000,['호텔'],75000
g_g001740,0,0,0,0,0,0,0,0,0,0,130000,['호텔'],130000
g_g001741,0,0,0,0,0,0,0,0,0,0,90000,['호텔'],90000
g_g001755,0,0,0,0,0,0,0,0,0,46000,0,['펜션'],46000
g_g001763,0,0,0,0,0,0,173000,0,0,0,0,['자연휴양림내 시설'],173000
g_g001764,0,0,0,0,0,0,0,0,0,150000,0,['펜션'],150000
g_g001765,0,0,0,50000,0,0,0,0,0,0,0,['모텔/여관'],50000
g_g001779,0,0,0,0,0,0,0,0,0,0,155770,['호텔'],155770
g_g001786,0,0,0,0,0,0,0,0,0,0,115926,['호텔'],115926
g_g001789,0,0,149033,0,0,0,0,0,0,0,0,['기타'],149033
g_g001791,0,0,0,0,0,25000,0,0,0,0,0,"['야영(캠핑,글램핑등)']",25000
g_g001795,0,0,0,0,0,0,0,0,0,0,0,['기타'],0
g_g001797,0,0,0,0,0,0,0,0,0,0,148000,['호텔'],148000
g_g001798,0,0,0,0,0,0,0,0,0,0,120000,['호텔'],120000
g_g001806,0,0,0,0,0,0,0,0,0,0,50000,['호텔'],50000
g_g001818,0,100000,0,0,0,0,0,0,0,0,0,['게스트하우스'],100000
g_g001819,0,70000,0,0,0,0,0,0,0,0,0,['게스트하우스'],70000
g_g001830,0,0,0,0,0,0,0,0,0,0,40000,['호텔'],40000
g_g001832,0,0,0,0,0,0,0,0,0,0,70000,['호텔'],70000
g_g001833,0,0,0,0,0,280000,0,0,0,0,0,"['야영(캠핑,글램핑등)']",280000
g_g001836,0,0,0,0,0,0,0,0,317500,0,0,['콘도미니엄/리조트'],317500
g_g001856,0,0,0,0,0,0,0,0,100000,0,0,['콘도미니엄/리조트'],100000
g_g001868,0,0,0,40000,0,0,0,0,0,0,0,['모텔/여관'],40000
g_g001875,0,0,0,0,0,0,0,0,0,0,110000,['호텔'],110000
g_g001888,0,0,0,0,0,0,0,0,0,0,79000,['호텔'],79000
g_g001895,0,0,0,0,0,0,0,0,0,0,0,['모텔/여관'],0
g_g001900,0,0,0,35000,0,0,0,0,0,0,0,['모텔/여관'],35000
g_g001913,0,0,0,0,0,0,0,0,0,0,347500,['호텔'],347500
g_g001929,0,60000,0,0,0,0,0,0,0,0,0,['게스트하우스'],60000
g_g001932,0,0,0,70000,0,0,0,0,0,0,0,['모텔/여관'],70000
g_g001947,0,225860,0,0,0,0,0,0,0,0,0,['게스트하우스'],225860
g_g001964,0,50000,0,0,0,0,0,0,0,0,0,['게스트하우스'],50000
g_g001965,0,0,0,0,0,0,0,0,149000,0,0,['콘도미니엄/리조트'],149000
g_g001977,0,0,0,0,0,0,0,0,204000,0,0,['콘도미니엄/리조트'],204000
g_g001981,0,0,0,53000,0,0,0,0,0,0,0,['모텔/여관'],53000
g_g001984,0,0,0,0,0,0,0,0,0,0,80000,['호텔'],80000
g_g002014,0,0,0,0,65000,0,0,0,0,0,0,['민박'],65000
g_g002019,0,0,0,0,0,0,0,0,0,110769,0,['펜션'],110769
g_g002028,0,0,0,0,0,0,0,0,298000,0,0,['콘도미니엄/리조트'],298000
g_g002032,0,0,0,0,0,0,0,0,0,480000,0,['펜션'],480000
g_g002035,0,0,0,50000,0,0,0,0,0,0,0,['모텔/여관'],50000
g_g002046,0,0,0,0,0,0,0,0,57150,0,0,['콘도미니엄/리조트'],57150
g_g002048,0,0,0,0,0,35000,0,0,0,0,0,"['야영(캠핑,글램핑등)']",35000
g_g002059,0,0,0,0,0,0,0,0,0,0,156000,['호텔'],156000
g_g002075,0,140000,0,0,0,0,0,0,0,0,0,['게스트하우스'],140000
g_g002078,0,0,0,125000,0,0,0,0,0,0,0,['모텔/여관'],125000
g_g002088,0,0,0,0,0,0,0,0,0,0,79000,['호텔'],79000
g_g002089,0,0,0,0,0,0,0,0,0,260000,0,['펜션'],260000
g_g002094,0,0,0,44000,0,0,0,0,0,0,0,['모텔/여관'],44000
g_g002098,0,0,0,0,0,0,60000,0,0,0,0,['자연휴양림내 시설'],60000
g_g002104,0,0,0,0,0,0,0,0,0,0,32520,['호텔'],32520
g_g002109,0,0,0,0,0,0,0,0,55000,0,0,['콘도미니엄/리조트'],55000
g_g002110,0,0,0,0,0,0,0,0,298750,0,0,['콘도미니엄/리조트'],298750
g_g002127,0,0,0,0,0,0,0,0,20000,0,0,['콘도미니엄/리조트'],20000
g_g002134,0,0,0,0,0,252000,0,0,0,0,0,"['야영(캠핑,글램핑등)']",252000
g_g002144,0,0,0,0,0,0,0,70000,0,0,30000,['호텔'],100000
g_g002151,0,0,0,0,0,0,0,0,0,73450,0,['펜션'],73450
g_g002152,0,0,0,0,0,0,0,0,93000,0,0,['콘도미니엄/리조트'],93000
g_g002154,0,0,0,0,0,58000,0,0,0,0,0,"['야영(캠핑,글램핑등)']",58000
g_g002156,0,0,0,0,0,0,0,0,0,130000,0,['펜션'],130000
g_g002159,0,0,0,0,0,0,0,0,160000,0,0,['콘도미니엄/리조트'],160000
g_g002164,0,0,0,0,0,0,0,0,0,0,0,['가족/친지집'],0
g_g002169,0,0,0,32878,0,0,0,0,0,0,0,['모텔/여관'],32878
g_g002176,0,0,0,0,0,0,0,0,0,150000,0,['펜션'],150000
g_g002177,0,0,0,0,0,30000,0,0,0,0,0,"['야영(캠핑,글램핑등)']",30000
g_g002178,0,0,0,0,0,0,0,0,0,0,0,['호텔'],0
g_g002189,0,0,0,0,0,0,0,0,0,0,90000,['호텔'],90000
g_g002190,0,0,0,27000,0,0,0,0,0,0,0,['모텔/여관'],27000
g_g002202,0,0,100000,0,0,0,0,0,0,0,0,['기타'],100000
g_g002207,0,0,0,0,0,0,0,0,0,0,104000,['호텔'],104000
g_g002214,0,0,0,0,0,0,0,0,165600,0,0,['콘도미니엄/리조트'],165600
g_g002219,0,0,84000,0,0,0,0,0,0,0,0,['기타'],84000
g_g002220,0,0,50000,0,0,0,0,0,0,0,0,['기타'],50000
g_g002222,0,0,0,0,0,0,0,0,0,0,393500,['호텔'],393500
g_g002223,0,0,0,40000,0,0,0,0,0,0,0,['모텔/여관'],40000
g_g002224,0,0,0,0,0,0,0,0,0,0,98000,['호텔'],98000
g_g002230,0,0,0,0,0,0,0,0,0,0,74900,['호텔'],74900
g_g002232,0,0,0,33600,0,0,0,0,0,0,0,['모텔/여관'],33600
g_g002233,0,0,0,0,0,30000,0,0,0,0,0,"['야영(캠핑,글램핑등)']",30000
g_g002238,0,0,0,0,0,0,0,0,0,0,198236,['호텔'],198236
g_g002241,0,0,0,0,0,0,0,0,0,0,260000,['호텔'],260000
g_g002245,0,0,0,0,0,0,0,0,410000,0,0,['콘도미니엄/리조트'],410000
g_g002247,0,0,0,0,0,0,0,0,0,0,80000,['호텔'],80000
g_g002255,0,0,0,0,0,0,0,0,0,0,80000,['호텔'],80000
g_g002256,0,0,0,0,0,0,0,0,252000,0,0,['콘도미니엄/리조트'],252000
g_g002264,0,0,0,0,0,0,0,0,0,0,141000,['호텔'],141000
g_g002271,0,0,0,0,0,0,0,0,0,0,82000,['호텔'],82000
g_g002273,0,0,0,0,0,182000,0,0,0,0,0,"['야영(캠핑,글램핑등)']",182000
g_g002412,0,0,0,0,0,0,0,0,207000,0,0,['콘도미니엄/리조트'],207000
g_g002421,0,0,0,50000,0,0,0,0,0,0,0,['모텔/여관'],50000
g_g002429,0,0,0,70000,0,0,0,0,0,0,0,['모텔/여관'],70000
g_g002438,0,0,0,0,0,0,0,0,0,50000,0,['펜션'],50000
g_g002440,0,0,0,0,0,0,0,0,0,140000,0,['펜션'],140000
g_g002441,0,0,56000,0,0,0,0,0,0,0,0,['기타'],56000
g_g002446,0,0,0,0,0,0,0,0,0,0,66000,['호텔'],66000
g_g002465,0,0,0,0,0,0,0,0,0,0,149000,['호텔'],149000
g_g002466,0,0,0,0,0,0,0,0,0,0,80000,['호텔'],80000
g_g002472,0,0,0,0,0,0,0,0,144000,0,0,['콘도미니엄/리조트'],144000
g_g002473,0,0,0,0,0,0,0,0,0,0,130000,['호텔'],130000
g_g002478,0,0,0,0,0,0,0,0,0,0,0,['호텔'],0
g_g002483,0,0,80000,0,0,0,0,0,0,0,0,['기타'],80000
g_g002496,0,0,0,0,0,0,0,0,0,50000,0,['펜션'],50000
g_g002500,0,0,0,0,0,0,0,0,0,0,65000,['호텔'],65000
g_g002516,0,0,0,0,0,0,0,0,0,0,30000,['호텔'],30000
g_g002521,0,0,0,0,0,0,0,0,192000,0,0,['콘도미니엄/리조트'],192000
g_g002533,0,0,0,0,0,0,0,0,0,150000,0,['펜션'],150000
g_g002538,0,0,0,40000,0,0,0,0,0,0,0,['모텔/여관'],40000
g_g002545,0,0,0,0,0,0,0,100000,0,0,0,['전통 숙박시설'],100000
g_g002546,0,0,0,0,0,0,0,0,277000,0,0,['콘도미니엄/리조트'],277000
g_g002552,0,0,283047,0,0,0,0,0,0,0,0,['기타'],283047
g_g002560,0,0,0,0,0,0,0,0,0,130000,0,['펜션'],130000
g_g002564,0,25000,0,0,0,0,0,0,0,0,0,['게스트하우스'],25000
g_g002570,0,0,0,0,0,35000,0,0,0,0,0,"['야영(캠핑,글램핑등)']",35000
g_g002583,0,0,0,0,0,0,0,80000,0,0,0,['전통 숙박시설'],80000
g_g002585,0,0,0,0,0,60000,0,0,0,0,0,"['야영(캠핑,글램핑등)']",60000
g_g002588,0,0,0,0,0,0,0,0,0,0,129000,['호텔'],129000
g_g002601,0,0,0,0,0,0,0,0,0,0,0,['가족/친지집'],0
g_g002603,0,0,0,70000,0,0,0,0,0,0,0,['모텔/여관'],70000
g_g002612,0,0,0,0,0,160000,0,0,0,0,0,"['야영(캠핑,글램핑등)']",160000
g_g002622,0,0,0,0,0,0,0,0,0,100000,0,['펜션'],100000
g_g002624,0,0,0,0,0,0,0,0,162000,0,0,['콘도미니엄/리조트'],162000
g_g002626,0,0,0,0,0,0,60000,0,0,0,0,['자연휴양림내 시설'],60000
g_g002627,0,0,0,0,0,0,0,0,172000,0,0,['콘도미니엄/리조트'],172000
g_g002632,0,0,0,0,0,0,0,0,0,0,78030,['호텔'],78030
g_g002638,0,0,0,0,46212,0,0,0,0,0,0,['민박'],46212
g_g002647,0,0,0,0,0,0,0,0,0,0,181500,['호텔'],181500
g_g002648,0,0,0,0,0,0,0,0,0,110000,0,['펜션'],110000
g_g002657,0,0,0,0,0,0,0,0,0,110000,0,['펜션'],110000
g_g002658,0,0,0,0,0,0,0,0,192000,0,0,['콘도미니엄/리조트'],192000
g_g002668,0,0,0,0,0,0,0,0,0,0,107000,['호텔'],107000
g_g002671,0,0,0,0,0,0,0,0,0,59000,0,['펜션'],59000
g_g002680,0,0,0,60000,0,0,0,0,0,0,0,['모텔/여관'],60000
g_g002683,0,0,0,0,0,0,60000,0,0,0,0,['자연휴양림내 시설'],60000
g_g002688,0,0,0,0,0,0,0,0,0,0,0,['기타'],0
g_g002698,0,0,0,0,0,0,0,0,0,0,50000,['호텔'],50000
g_g002701,0,0,0,0,0,0,0,0,0,0,51147,['호텔'],51147
g_g002702,0,60000,0,0,0,0,0,0,0,0,0,['게스트하우스'],60000
g_g002703,0,0,0,0,0,0,0,0,0,160000,0,['펜션'],160000
g_g002705,0,190623,0,0,0,0,0,0,0,0,0,['게스트하우스'],190623
g_g002719,0,0,0,0,0,0,0,90000,0,0,0,['전통 숙박시설'],90000
g_g002727,0,0,0,0,0,0,0,0,0,0,104286,['호텔'],104286
g_g002731,0,0,0,0,0,0,0,0,0,0,123500,['호텔'],123500
g_g002732,0,0,0,0,0,0,0,70000,0,0,0,['전통 숙박시설'],70000
g_g002738,0,0,0,50000,0,0,0,0,0,0,0,['모텔/여관'],50000
g_g002752,0,0,0,0,0,210000,0,0,0,0,0,"['야영(캠핑,글램핑등)']",210000
g_g002753,0,0,0,0,0,0,0,0,0,160000,0,['펜션'],160000
g_g002759,0,0,0,0,0,0,0,0,179000,0,0,['콘도미니엄/리조트'],179000
g_g002760,0,0,0,0,0,135000,0,0,0,0,0,"['야영(캠핑,글램핑등)']",135000
g_g002762,0,0,0,0,0,0,0,0,135500,0,0,['콘도미니엄/리조트'],135500
g_g002764,0,0,0,0,0,0,0,0,145500,0,0,['콘도미니엄/리조트'],145500
g_g002766,0,0,0,0,0,0,0,0,0,266000,0,['펜션'],266000
g_g002767,0,0,0,0,0,0,0,0,0,0,39999,['호텔'],39999
g_g002770,0,0,0,0,0,0,0,0,0,133880,0,['펜션'],133880
g_g002776,0,0,0,0,0,158000,0,0,0,0,0,"['야영(캠핑,글램핑등)']",158000
g_g002784,0,0,0,0,0,0,0,0,60000,0,0,['콘도미니엄/리조트'],60000
g_g002795,0,0,0,0,0,0,0,100000,0,0,0,['전통 숙박시설'],100000
g_g002798,0,0,0,0,0,0,0,0,157000,0,0,['콘도미니엄/리조트'],157000
g_g002802,0,0,0,0,0,0,0,0,0,0,80000,['호텔'],80000
g_g002804,0,0,0,0,0,0,0,0,0,0,168300,['호텔'],168300
g_g002806,0,25000,0,0,0,0,0,0,0,0,0,['게스트하우스'],25000
g_g002809,0,0,0,0,0,0,0,98800,0,0,0,['전통 숙박시설'],98800
g_g002811,0,0,0,0,0,0,0,0,0,0,0,['모텔/여관'],0
g_g002819,0,0,0,0,0,0,0,0,0,0,98010,['호텔'],98010
g_g002825,0,0,0,0,0,0,0,0,0,0,99000,['호텔'],99000
g_g002827,0,0,0,0,0,0,0,0,0,0,115000,['호텔'],115000
g_g002828,0,0,0,0,0,0,0,0,194181,0,0,['콘도미니엄/리조트'],194181
g_g002829,0,0,0,0,0,0,0,0,222200,0,180500,"['콘도미니엄/리조트', '호텔']",402700
g_g002832,0,0,0,23000,0,0,0,0,0,0,0,['모텔/여관'],23000
g_g002837,0,0,0,0,0,65000,0,0,0,0,0,"['야영(캠핑,글램핑등)']",65000
g_g002838,0,0,0,0,0,0,0,0,0,240000,0,['펜션'],240000
g_g002851,0,0,0,0,0,0,0,0,0,0,118777,['호텔'],118777
g_g002854,0,0,0,0,0,0,0,160000,0,0,0,['전통 숙박시설'],160000
g_g002867,0,0,0,0,0,0,0,0,0,0,50000,['호텔'],50000
g_g002872,0,0,0,0,0,0,0,0,0,240000,0,['펜션'],240000
g_g002874,0,0,0,0,0,553753,0,0,0,0,0,"['야영(캠핑,글램핑등)']",553753
g_g002875,0,0,0,80000,0,0,0,0,0,0,0,['모텔/여관'],80000
g_g002880,0,0,0,0,0,0,0,0,0,59000,0,['펜션'],59000
g_g002886,0,0,0,30000,0,0,0,0,0,0,0,['모텔/여관'],30000
g_g002887,0,0,0,0,0,0,0,0,0,0,0,['호텔'],0
g_g002891,0,0,0,0,0,0,0,0,0,420000,0,['펜션'],420000
g_g002896,0,0,0,85000,0,0,0,0,0,0,0,['모텔/여관'],85000
g_g002897,0,0,0,0,0,0,0,0,272500,0,0,['콘도미니엄/리조트'],272500
g_g002900,0,0,0,0,0,0,0,0,0,0,0,"['야영(캠핑,글램핑등)']",0
g_g002903,0,0,0,0,0,0,0,0,0,128000,0,['펜션'],128000
g_g002908,0,0,0,0,0,0,0,0,440000,0,0,['콘도미니엄/리조트'],440000
g_g002912,0,0,0,90000,0,0,0,0,0,0,0,['모텔/여관'],90000
g_g002916,0,0,0,0,0,0,0,0,50000,0,0,['콘도미니엄/리조트'],50000
g_g002918,0,0,0,0,0,0,0,35000,0,0,0,['전통 숙박시설'],35000
g_g002928,0,0,23106,0,0,0,0,0,0,0,0,['기타'],23106
g_g002946,0,0,0,0,0,0,0,0,0,0,90000,['호텔'],90000
g_g002949,0,0,0,0,0,0,0,0,107000,0,0,['콘도미니엄/리조트'],107000
g_g002952,0,150000,0,0,0,0,0,0,0,0,0,['게스트하우스'],150000
g_g002953,0,0,0,0,0,0,0,0,0,120000,0,['펜션'],120000
g_g002955,0,0,22000,0,0,0,0,0,0,0,0,['기타'],22000
g_g002983,0,0,0,0,0,0,0,0,0,0,25000,['호텔'],25000
g_g002988,0,0,0,29000,0,0,0,0,0,0,0,['모텔/여관'],29000
g_g002989,0,0,0,0,0,0,0,0,0,0,75000,['호텔'],75000
g_g002991,0,0,0,25000,0,0,0,0,0,0,0,['모텔/여관'],25000
g_g002993,0,0,0,0,0,0,0,0,0,270000,0,"['모텔/여관', '펜션']",270000
g_g003004,0,79000,0,0,0,0,0,0,0,0,0,['게스트하우스'],79000
g_g003028,0,0,0,0,0,0,0,0,0,0,149586,['호텔'],149586
g_g003035,0,0,0,0,0,0,0,0,0,190000,0,['펜션'],190000
g_g003042,0,0,0,0,0,0,0,0,0,300000,0,['펜션'],300000
g_g003043,0,0,0,0,0,0,0,0,208000,0,0,['콘도미니엄/리조트'],208000
g_g003047,0,0,0,0,0,0,0,0,320355,0,0,['콘도미니엄/리조트'],320355
g_g003050,0,0,0,0,0,0,0,47246,0,0,0,['전통 숙박시설'],47246
g_g003051,0,0,0,0,0,0,0,0,0,0,168000,['호텔'],168000
g_g003053,0,0,0,0,0,0,0,0,0,0,98053,['호텔'],98053
g_g003058,0,0,0,31951,0,0,0,0,0,0,0,['모텔/여관'],31951
g_g003059,0,0,0,0,0,0,0,0,0,0,80875,['호텔'],80875
g_g003061,0,59000,0,0,0,0,0,0,0,0,0,['게스트하우스'],59000
g_g003062,0,0,0,0,0,0,0,0,0,0,105105,['호텔'],105105
g_g003065,0,0,0,0,0,0,0,0,0,0,0,['가족/친지집'],0
g_g003067,0,0,0,45000,0,0,0,0,0,0,0,['모텔/여관'],45000
g_g003068,0,0,0,0,250000,0,0,0,0,0,0,['민박'],250000
g_g003077,0,0,0,0,0,0,0,0,0,50000,0,['펜션'],50000
g_g003079,0,0,0,0,0,0,0,0,0,0,88000,['호텔'],88000
g_g003086,0,0,0,0,0,0,0,0,0,167500,0,['펜션'],167500
g_g003097,0,0,0,0,0,0,0,0,0,0,159000,['호텔'],159000
g_g003098,0,0,0,0,0,0,0,0,0,0,70000,['호텔'],70000
g_g003104,0,0,0,0,0,0,0,0,195960,0,0,['콘도미니엄/리조트'],195960
g_g003119,0,25000,0,0,0,0,0,0,0,0,0,['게스트하우스'],25000
g_g003120,0,72000,0,0,0,0,0,0,0,0,0,['게스트하우스'],72000
g_g003130,0,0,0,0,0,0,96270,0,0,0,0,['자연휴양림내 시설'],96270
g_g003135,0,0,0,0,0,35000,0,0,0,0,0,"['야영(캠핑,글램핑등)']",35000
g_g003140,0,0,0,0,0,0,0,0,0,0,0,['기타'],0
g_g003143,0,0,0,0,0,0,0,0,0,0,38000,['호텔'],38000
g_g003145,0,0,0,0,0,0,0,0,0,0,0,['콘도미니엄/리조트'],0
g_g003151,0,0,0,0,0,0,0,0,0,0,147000,['호텔'],147000
g_g003165,0,0,0,0,0,0,0,0,0,0,102960,['호텔'],102960
g_g003168,0,0,0,0,0,0,0,0,260000,0,0,['콘도미니엄/리조트'],260000
g_g003173,0,0,0,40000,0,0,0,0,0,0,0,['모텔/여관'],40000
g_g003177,0,0,0,0,0,0,0,0,0,320000,0,['펜션'],320000
g_g003179,0,66000,0,0,0,0,0,0,0,0,0,['게스트하우스'],66000
g_g003182,0,0,0,0,0,0,0,0,0,320000,0,['펜션'],320000
g_g003189,0,0,0,37000,0,0,0,0,0,0,0,['모텔/여관'],37000
g_g003193,0,0,0,0,0,0,0,0,0,130000,0,['펜션'],130000
g_g003196,0,0,0,0,0,0,0,0,0,0,70000,['호텔'],70000
g_g003202,0,0,0,0,0,453100,0,0,0,0,0,"['야영(캠핑,글램핑등)']",453100
g_g003208,0,0,0,53000,0,0,0,0,0,0,0,['모텔/여관'],53000
g_g003210,0,0,0,45000,0,0,0,0,0,0,0,['모텔/여관'],45000
g_g003221,0,0,0,27200,0,0,0,0,0,0,0,['모텔/여관'],27200
g_g003224,0,0,0,0,0,0,0,0,0,189000,0,['펜션'],189000
g_g003227,0,0,0,0,0,0,0,0,0,150000,0,['펜션'],150000
g_g003238,0,0,0,36000,0,0,0,0,0,0,0,['모텔/여관'],36000
g_g003251,0,0,0,0,0,0,0,0,0,0,0,['가족/친지집'],0
g_g003252,0,0,0,0,0,0,39000,0,0,0,0,['자연휴양림내 시설'],39000
g_g003267,0,0,0,0,0,0,0,0,0,0,144000,['호텔'],144000
g_g003273,0,0,120000,0,0,0,0,0,0,0,0,['기타'],120000
g_g003278,0,0,0,0,0,0,0,0,0,0,35000,['호텔'],35000
g_g003281,0,0,0,0,0,0,0,0,0,0,50390,['호텔'],50390
g_g003284,0,0,0,28000,0,0,0,0,0,0,0,['모텔/여관'],28000
g_g003307,0,0,0,0,0,0,0,0,0,0,25000,['호텔'],25000
g_g003308,0,0,0,0,0,0,0,0,148600,0,0,['콘도미니엄/리조트'],148600
g_g003314,0,0,0,0,0,0,0,0,0,0,120000,['호텔'],120000
g_g003329,0,0,0,0,0,0,0,0,217255,0,0,['콘도미니엄/리조트'],217255
g_g003335,0,0,0,80000,0,0,0,0,0,0,0,['모텔/여관'],80000
g_g003337,0,0,0,0,0,0,0,0,0,80000,0,['펜션'],80000
g_g003340,0,0,0,0,0,0,75350,0,0,0,0,['자연휴양림내 시설'],75350
g_g003353,0,0,0,35000,0,0,0,0,0,0,0,['모텔/여관'],35000
g_g003359,0,0,0,0,0,0,0,0,0,350000,0,['펜션'],350000
g_g003369,0,0,0,0,0,0,0,0,0,0,120000,['호텔'],120000
g_g003370,0,0,0,74000,0,0,0,0,0,0,0,['모텔/여관'],74000
g_g003372,0,40000,0,0,0,0,0,0,0,0,0,['게스트하우스'],40000
g_g003382,0,0,0,0,0,0,0,290000,0,0,0,['전통 숙박시설'],290000
g_g003391,0,0,0,0,0,0,0,50000,0,0,0,['전통 숙박시설'],50000
g_g003394,0,70000,0,0,0,0,0,0,0,0,0,['게스트하우스'],70000
g_g003398,0,0,0,0,0,0,0,0,0,260000,0,['펜션'],260000
g_g003399,0,210000,0,0,0,0,0,0,0,0,0,['게스트하우스'],210000
g_g003403,0,0,0,30000,0,0,0,0,0,0,0,['모텔/여관'],30000
g_g003408,0,0,0,0,0,0,0,0,0,0,130000,['호텔'],130000
g_g003418,0,0,0,0,0,0,0,0,0,103977,0,['펜션'],103977
g_g003422,0,0,0,0,0,0,0,0,146000,0,0,['콘도미니엄/리조트'],146000
g_g003453,0,0,0,0,0,0,0,0,0,0,101043,['호텔'],101043
g_g003463,0,0,0,0,0,0,0,0,0,249000,0,['펜션'],249000
g_g003464,0,60000,0,0,0,0,0,0,0,0,0,['게스트하우스'],60000
g_g003468,0,0,0,0,0,0,0,0,0,0,0,['호텔'],0
g_g003474,0,0,0,0,0,0,0,0,0,0,58000,['호텔'],58000
g_g003485,0,0,0,0,0,0,0,0,149000,0,0,['콘도미니엄/리조트'],149000
g_g003491,0,0,0,0,0,0,0,90000,0,0,0,['전통 숙박시설'],90000
g_g003492,0,0,0,0,0,0,0,480000,0,0,0,['전통 숙박시설'],480000
g_g003497,0,0,0,0,0,109000,0,0,0,0,0,"['야영(캠핑,글램핑등)']",109000
g_g003499,0,0,0,0,0,0,0,0,0,0,35000,['호텔'],35000
g_g003511,0,0,0,0,0,0,0,148000,0,0,0,['전통 숙박시설'],148000
g_g003512,0,0,0,45000,0,0,0,0,0,0,0,['모텔/여관'],45000
g_g003515,0,0,0,0,0,0,0,0,0,0,280000,['호텔'],280000
g_g003525,0,0,0,0,0,0,0,0,0,0,168300,['호텔'],168300
g_g003535,0,0,0,0,0,0,0,0,0,0,82799,['호텔'],82799
g_g003541,0,0,0,0,0,0,0,0,0,0,0,"['야영(캠핑,글램핑등)']",0
g_g003554,0,0,0,0,0,0,0,0,0,117500,0,['펜션'],117500
g_g003555,0,0,0,0,0,0,0,0,0,0,0,['가족/친지집'],0
g_g003556,0,150000,0,0,0,0,0,0,0,0,0,['게스트하우스'],150000
g_g003559,0,0,0,0,0,0,0,0,209000,0,0,['콘도미니엄/리조트'],209000
g_g003561,0,0,0,0,0,0,0,172500,0,0,0,['전통 숙박시설'],172500
g_g003565,0,0,0,65000,0,0,0,0,0,0,0,['모텔/여관'],65000
g_g003570,0,0,0,0,0,0,0,0,0,105000,0,['펜션'],105000
g_g003572,0,0,0,0,0,0,0,0,0,220000,0,['펜션'],220000
g_g003573,0,0,0,0,0,0,0,0,0,236000,0,['펜션'],236000
g_g003576,0,0,0,0,0,0,0,0,0,90000,0,['펜션'],90000
g_g003577,0,80000,0,0,0,0,0,0,0,0,0,['게스트하우스'],80000
g_g003583,0,0,0,0,0,0,0,0,0,120000,0,['펜션'],120000
g_g003589,0,0,0,0,0,0,0,0,0,358141,0,['펜션'],358141
g_g003599,0,0,0,0,0,150000,0,0,0,0,0,"['야영(캠핑,글램핑등)']",150000
g_g003600,0,0,0,0,70000,0,0,0,0,0,0,['민박'],70000
g_g003608,0,0,0,140000,0,0,0,0,0,0,0,['모텔/여관'],140000
g_g003610,0,0,0,120000,0,0,0,0,0,0,0,['모텔/여관'],120000
g_g003613,0,0,0,0,0,0,0,0,0,0,57000,['호텔'],57000
g_g003615,0,0,0,0,0,0,0,240000,0,0,0,['전통 숙박시설'],240000
g_g003623,0,0,0,0,0,0,0,0,0,510000,0,['펜션'],510000
g_g003624,0,0,0,0,0,0,0,0,475000,0,0,['콘도미니엄/리조트'],475000
g_g003629,0,0,0,0,0,0,0,0,0,300000,0,['펜션'],300000
g_g003645,0,0,77557,0,0,0,0,0,0,0,0,['기타'],77557
g_g003646,0,0,0,0,0,0,0,0,0,200000,0,['펜션'],200000
g_g003648,0,0,0,0,80000,0,0,0,0,0,0,['민박'],80000
g_g003652,0,0,0,0,0,0,0,0,0,0,447070,['호텔'],447070
g_g003655,0,100000,0,0,0,0,0,0,0,0,0,['게스트하우스'],100000
g_g003658,0,0,0,0,0,0,0,0,0,150000,0,['펜션'],150000
g_g003661,0,0,0,0,0,0,0,0,0,0,56800,['호텔'],56800
g_g003664,0,0,0,63250,0,0,0,0,0,0,0,['모텔/여관'],63250
g_g003665,0,0,0,0,0,0,180000,0,0,0,0,['자연휴양림내 시설'],180000
g_g003687,0,0,0,0,0,0,0,0,158000,0,0,['콘도미니엄/리조트'],158000
g_g003688,0,0,0,50000,0,0,0,0,0,0,0,['모텔/여관'],50000
g_g003700,0,0,0,0,0,0,0,0,0,20000,0,['펜션'],20000
g_g003701,0,0,0,0,0,0,0,0,163000,0,0,['콘도미니엄/리조트'],163000
g_g003712,0,0,0,50000,0,0,0,0,0,0,0,['모텔/여관'],50000
g_g003733,0,0,0,0,0,0,60000,0,0,0,0,['자연휴양림내 시설'],60000
g_g003738,0,0,0,0,0,60000,0,0,0,0,0,"['야영(캠핑,글램핑등)']",60000
g_g003770,0,0,0,0,0,0,0,60000,0,0,0,['전통 숙박시설'],60000
g_g003771,0,30000,0,0,0,0,0,0,0,0,0,['게스트하우스'],30000
g_g003779,0,0,0,0,0,0,0,0,0,0,152000,['호텔'],152000
g_g003821,0,0,0,0,0,0,0,0,0,0,110000,['호텔'],110000
g_g003824,0,0,0,0,0,0,0,38000,0,0,0,['전통 숙박시설'],38000
g_g003845,0,0,0,0,0,0,0,0,0,0,173052,['호텔'],173052
g_g003846,0,0,0,90000,0,0,0,0,0,0,0,['모텔/여관'],90000
g_g003847,0,0,0,0,0,0,0,0,229200,0,0,['콘도미니엄/리조트'],229200
g_g003867,0,0,0,0,0,0,0,0,0,200000,0,['펜션'],200000
g_g003869,0,0,0,70680,0,0,0,0,0,0,0,['모텔/여관'],70680
g_g003871,0,0,0,0,0,0,0,0,0,0,0,['펜션'],0
g_g003902,0,0,0,65000,0,0,0,0,0,0,0,['모텔/여관'],65000
g_g003906,0,0,0,0,0,0,0,0,0,0,70000,['호텔'],70000
g_g003921,0,0,0,0,0,0,90000,0,0,0,0,['자연휴양림내 시설'],90000
g_g003944,0,0,0,0,0,0,0,0,0,0,261415,['호텔'],261415
g_g003956,0,0,0,0,0,0,66000,0,0,0,0,['자연휴양림내 시설'],66000
g_g003957,0,0,0,50000,0,0,0,0,0,0,0,['모텔/여관'],50000
g_g003960,0,0,0,95000,0,0,0,0,0,0,0,['모텔/여관'],95000
g_g003961,0,0,0,65000,0,0,0,0,0,0,0,['모텔/여관'],65000
g_g003962,0,0,1600,0,0,0,0,0,0,0,0,['기타'],1600
g_g003965,0,0,0,0,0,0,0,0,70000,0,0,['콘도미니엄/리조트'],70000
g_g003980,0,0,0,0,0,0,0,420000,0,0,0,['전통 숙박시설'],420000
g_g004004,0,0,0,72000,0,0,0,0,0,0,0,['모텔/여관'],72000
g_g004025,0,0,0,0,0,0,0,0,0,0,50000,['호텔'],50000
g_g004047,0,0,0,0,0,0,0,0,0,0,57711,['호텔'],57711
g_g004066,0,0,0,0,0,0,0,112000,0,0,0,['전통 숙박시설'],112000
g_g004101,0,52900,0,0,0,0,0,0,0,0,0,['게스트하우스'],52900
g_g004103,0,0,0,0,0,0,90000,0,0,0,0,['자연휴양림내 시설'],90000
g_g004104,0,0,0,0,0,0,0,0,0,300000,0,['펜션'],300000
g_g004124,0,0,0,65000,0,0,0,0,0,0,0,['모텔/여관'],65000
g_g004139,0,0,0,0,0,0,117000,0,0,0,0,['자연휴양림내 시설'],117000
g_g004152,0,0,0,0,0,0,0,0,53000,0,0,['콘도미니엄/리조트'],53000
g_g004155,0,0,0,0,0,0,0,0,0,0,125301,['호텔'],125301
g_g004170,0,0,0,68000,0,0,0,0,0,0,0,['모텔/여관'],68000
g_g004174,0,0,0,35000,0,0,0,0,0,0,0,['모텔/여관'],35000
g_g004180,0,0,0,0,0,0,0,0,0,0,14800,['호텔'],14800
g_g004187,0,0,0,0,0,0,0,0,0,0,65100,['호텔'],65100
g_g004189,0,0,0,0,0,0,0,0,0,84600,0,['펜션'],84600
g_g004205,0,0,0,0,0,0,0,0,0,0,15000,['호텔'],15000
g_g004276,0,0,0,0,0,0,0,0,0,0,0,['호텔'],0
g_g004279,0,0,144412,0,0,0,0,0,0,0,0,['기타'],144412
g_g004282,0,0,0,0,0,0,0,0,0,0,286500,['호텔'],286500
g_g004294,0,0,0,0,0,0,0,0,0,374703,0,['펜션'],374703
g_g004297,0,0,0,25000,0,0,0,0,0,0,0,['모텔/여관'],25000
g_g004309,0,0,0,0,0,0,0,0,0,0,83428,['호텔'],83428
g_g004310,0,0,0,0,0,0,0,0,0,0,176700,['호텔'],176700
g_g004317,0,0,0,0,0,0,0,0,0,0,131400,['호텔'],131400
g_g004318,0,0,0,0,0,0,0,0,0,252000,0,['펜션'],252000
g_g004324,0,100000,0,0,0,0,0,0,0,0,0,['게스트하우스'],100000
g_g004340,0,0,0,0,0,0,0,0,0,115200,0,['펜션'],115200
g_g004350,0,0,0,0,0,0,0,0,0,0,85000,['호텔'],85000
g_g004354,0,0,55000,0,0,0,0,0,0,0,0,['기타'],55000
g_g004355,0,0,0,0,0,0,0,0,0,170000,0,['펜션'],170000
g_g004359,0,0,0,0,0,0,0,0,0,457000,0,['펜션'],457000
g_g004366,0,0,0,0,0,0,0,0,0,0,192092,['호텔'],192092
g_g004375,0,0,0,0,0,109000,0,0,0,0,0,"['야영(캠핑,글램핑등)']",109000
g_g004383,0,0,0,0,0,0,0,0,0,70000,0,['펜션'],70000
g_g004392,0,0,0,0,0,0,0,0,0,0,97843,['호텔'],97843
g_g004416,0,0,0,0,0,0,0,0,0,0,231000,['호텔'],231000
g_g004454,0,86990,0,0,0,0,0,0,0,0,0,['게스트하우스'],86990
g_g004467,0,0,0,0,0,0,0,0,0,0,40000,['호텔'],40000
g_g004476,0,0,0,0,0,0,0,0,0,0,125052,['호텔'],125052
g_g004489,0,0,0,0,0,0,0,0,0,0,0,['기타'],0
g_g004492,0,0,0,60500,0,0,0,0,0,0,0,['모텔/여관'],60500
g_g004519,0,0,0,0,0,0,0,0,0,0,0,['호텔'],0
g_g004521,0,0,0,0,0,0,0,0,0,0,65999,['호텔'],65999
g_g004524,0,0,0,0,0,0,0,0,0,150000,0,['펜션'],150000
g_g004551,0,0,0,0,0,0,0,0,0,51000,0,['펜션'],51000
g_g004552,0,60000,0,0,0,0,0,0,0,0,0,['게스트하우스'],60000
g_g004556,0,0,0,0,0,0,0,190000,0,0,0,['전통 숙박시설'],190000
g_g004573,0,0,0,0,0,0,0,0,0,0,53600,['호텔'],53600
g_g004578,0,0,0,0,0,0,0,0,0,360000,0,['펜션'],360000
g_g004593,0,0,0,0,0,0,0,0,0,0,136250,['호텔'],136250
g_g004594,0,0,0,0,0,0,0,0,0,0,224400,['호텔'],224400
g_g004621,0,0,0,0,300000,0,0,0,0,0,0,['민박'],300000
g_g004630,0,0,0,0,0,0,0,0,0,0,28000,['호텔'],28000
g_g004631,0,0,0,0,241457,0,0,0,0,0,0,['민박'],241457
g_g004636,0,0,0,180000,0,0,0,0,0,0,0,['모텔/여관'],180000
g_g004637,0,0,0,64850,0,0,0,0,0,0,0,['모텔/여관'],64850
g_g004669,0,0,0,0,0,0,0,350000,0,0,0,['전통 숙박시설'],350000
g_g004671,0,0,0,30000,0,0,0,0,0,0,0,['모텔/여관'],30000
g_g004688,0,0,0,0,0,0,0,0,0,0,130000,['호텔'],130000
g_g004701,0,0,0,0,0,0,0,0,245000,0,0,['콘도미니엄/리조트'],245000
g_g004707,0,0,0,0,0,0,0,0,0,320000,0,['펜션'],320000
g_g004722,0,0,0,0,0,0,0,0,0,0,250000,['호텔'],250000
g_g004740,0,0,0,0,0,0,0,0,0,324417,0,['펜션'],324417
g_g004754,0,60000,0,0,0,0,0,0,0,0,0,['게스트하우스'],60000
g_g004762,0,0,0,90000,0,0,0,0,0,0,0,['모텔/여관'],90000
g_g004766,0,0,0,0,0,0,240000,0,0,0,0,['자연휴양림내 시설'],240000
g_g004772,0,0,0,0,0,0,0,0,0,193284,0,['펜션'],193284
g_g004810,0,0,0,0,0,0,0,0,382500,0,0,['콘도미니엄/리조트'],382500
g_g004828,0,0,0,0,0,0,82000,0,0,0,0,['자연휴양림내 시설'],82000
g_g004839,0,0,0,0,0,0,0,0,0,0,80000,['호텔'],80000
g_g004849,0,0,0,0,0,0,0,0,324800,0,0,['콘도미니엄/리조트'],324800
g_g004852,0,0,0,0,0,0,0,0,0,0,131000,['호텔'],131000
g_g004853,0,0,0,0,0,0,0,0,0,250000,0,['펜션'],250000
g_g004865,0,0,0,55000,0,0,0,0,0,0,0,['모텔/여관'],55000
g_g004877,0,0,0,0,0,0,0,0,0,1000000,0,['펜션'],1000000
g_g004879,0,0,0,0,0,0,0,0,0,145041,0,['펜션'],145041
g_g004886,0,0,0,0,0,0,0,0,0,0,40000,['호텔'],40000
g_g004893,0,0,0,0,0,0,0,0,210000,0,0,['콘도미니엄/리조트'],210000
g_g004904,0,0,0,0,0,0,0,0,0,81000,65000,"['펜션', '호텔']",146000
g_g004905,0,0,0,0,0,0,0,0,0,0,130888,['호텔'],130888
g_g004906,0,0,0,0,0,0,0,0,0,0,98550,['호텔'],98550
g_g004909,0,0,0,145000,0,0,0,0,0,0,0,['모텔/여관'],145000
g_g004915,0,0,0,0,0,0,0,0,0,90000,0,['펜션'],90000
g_g004916,0,0,0,0,0,0,0,0,0,500000,0,['펜션'],500000
g_g004925,0,0,232742,0,0,0,0,0,0,0,0,['기타'],232742
g_g004926,0,0,0,0,0,0,0,0,0,0,414500,['호텔'],414500
g_g004955,381247,0,0,0,0,0,0,0,0,0,0,['가족/친지집'],381247
g_g004961,0,0,0,0,0,0,0,0,0,0,243100,['호텔'],243100
g_g004971,0,0,0,0,0,0,0,0,0,160000,0,['펜션'],160000
g_g004975,0,0,0,0,0,0,0,0,0,0,135000,['호텔'],135000
g_g004976,0,0,0,0,0,0,0,0,0,0,84850,['호텔'],84850
g_g004977,0,0,0,0,0,0,0,0,0,0,0,"['야영(캠핑,글램핑등)']",0
g_g004994,0,254015,0,0,0,0,0,0,0,0,0,['게스트하우스'],254015
g_g005053,0,0,0,0,0,0,0,0,0,0,180000,['호텔'],180000
g_g005056,0,0,0,0,0,0,0,0,0,0,229000,['호텔'],229000
g_g005060,0,50000,0,0,0,0,0,0,0,0,0,['게스트하우스'],50000
g_g005076,0,0,0,0,0,0,134000,0,275285,0,0,"['자연휴양림내 시설', '콘도미니엄/리조트']",409285
g_g005080,0,0,0,0,0,0,0,0,0,125227,80640,"['펜션', '호텔']",205867
g_g005081,0,46500,0,0,0,0,0,0,0,0,0,['게스트하우스'],46500
g_g005094,0,0,0,0,0,0,0,0,303000,0,0,['콘도미니엄/리조트'],303000
g_g005105,0,0,0,0,0,0,0,0,180000,0,300000,"['콘도미니엄/리조트', '호텔']",480000
g_g005114,0,0,0,0,0,0,0,40667,0,0,0,['전통 숙박시설'],40667
g_g005119,0,0,0,0,0,0,0,0,0,0,0,['기타'],0
g_g005127,0,0,0,0,0,0,0,0,0,0,389870,['호텔'],389870
g_g005153,0,0,0,0,0,30000,0,0,0,0,0,"['야영(캠핑,글램핑등)']",30000
g_g005160,0,0,0,0,0,0,0,0,0,0,170000,['호텔'],170000
g_g005164,0,31000,0,0,50000,0,0,0,0,0,0,"['게스트하우스', '민박']",81000
g_g005165,0,0,63541,0,0,0,0,0,0,0,0,['기타'],63541
g_g005167,0,0,0,0,0,0,0,0,0,0,110000,['호텔'],110000
g_g005170,0,0,0,0,0,0,0,0,0,0,0,['펜션'],0
g_g005171,0,0,0,100000,0,0,0,0,0,0,0,['모텔/여관'],100000
g_g005173,0,0,42000,0,0,0,0,0,0,0,0,['기타'],42000
g_g005175,0,0,88076,0,0,0,0,0,0,0,0,['기타'],88076
g_g005187,0,0,0,0,0,0,0,0,0,0,108000,['호텔'],108000
g_g005198,0,0,0,0,90000,0,0,0,0,0,70000,['민박'],160000
g_g005200,0,0,0,0,0,0,0,0,0,0,101000,['호텔'],101000
g_g005206,0,134142,0,0,0,0,0,0,0,0,0,['게스트하우스'],134142
g_g005209,0,0,0,0,0,0,0,0,0,0,292600,['호텔'],292600
g_g005218,0,0,0,0,0,0,0,0,0,0,50472,['호텔'],50472
g_g005219,0,0,70000,0,0,0,0,0,0,0,0,['기타'],70000
g_g005243,0,0,0,0,0,0,0,0,0,0,200000,['호텔'],200000
g_g005250,0,0,0,0,0,0,0,0,0,750000,0,['펜션'],750000
g_g005254,0,0,0,0,0,0,0,0,0,240000,0,['펜션'],240000
g_g005259,0,0,0,0,0,0,0,0,0,185000,0,['펜션'],185000
g_g005266,0,0,0,0,0,0,0,0,0,590000,0,['펜션'],590000
g_g005270,0,0,0,130000,0,0,0,0,287360,0,0,"['모텔/여관', '콘도미니엄/리조트']",417360
g_g005271,0,0,0,0,0,0,124000,0,0,0,0,['자연휴양림내 시설'],124000
g_g005273,0,0,0,0,0,0,0,85000,0,0,0,['전통 숙박시설'],85000
g_g005280,0,0,0,0,0,0,0,0,0,0,221678,['호텔'],221678
g_g005282,0,0,0,0,0,0,0,0,0,330000,95000,"['펜션', '호텔']",425000
g_g005297,0,0,0,0,0,0,0,0,0,0,108000,['호텔'],108000
g_g005299,0,0,0,0,0,0,0,60000,0,0,0,['전통 숙박시설'],60000
g_g005300,0,0,0,0,0,0,0,0,0,0,250800,['호텔'],250800
g_g005302,0,0,0,0,0,0,0,60000,0,0,0,['전통 숙박시설'],60000
g_g005303,0,0,0,0,0,0,0,0,0,0,147000,['호텔'],147000
g_g005310,0,0,0,0,0,0,0,0,0,0,415400,['호텔'],415400
g_g005319,0,0,0,0,0,0,0,0,0,0,239755,['호텔'],239755
g_g005330,0,0,0,0,0,0,0,0,0,0,103100,['호텔'],103100
g_g005372,0,0,0,0,0,0,0,0,0,0,158840,['호텔'],158840
g_g005377,0,0,0,0,0,120000,0,0,0,0,0,"['야영(캠핑,글램핑등)']",120000
g_g005391,0,159000,0,0,0,0,0,0,0,0,143778,"['게스트하우스', '호텔']",302778
g_g005392,0,0,0,0,0,0,0,80000,0,0,0,['전통 숙박시설'],80000
g_g005398,0,0,0,0,0,0,0,94050,0,0,0,['전통 숙박시설'],94050
g_g005400,0,0,0,50000,0,0,84000,0,0,0,0,"['모텔/여관', '자연휴양림내 시설']",134000
g_g005402,0,0,0,70000,0,0,0,0,0,0,0,['모텔/여관'],70000
g_g005415,0,70000,127082,0,0,0,0,0,0,0,0,"['게스트하우스', '기타']",197082
g_g005419,0,0,0,48000,0,0,0,0,0,0,0,['모텔/여관'],48000
g_g005438,0,0,0,0,0,0,0,0,0,218000,0,['펜션'],218000
g_g005454,0,55000,0,0,0,0,0,0,0,0,0,['게스트하우스'],55000
g_g005461,0,0,0,100000,0,0,0,0,0,0,0,['모텔/여관'],100000
g_g005465,0,0,0,0,0,0,0,0,0,0,97000,['호텔'],97000
g_g005578,0,0,0,20000,0,0,0,0,0,0,0,['모텔/여관'],20000
g_g005681,0,0,0,0,0,0,0,0,0,0,0,['펜션'],0
g_g005684,0,0,0,0,0,0,0,0,0,121200,0,['펜션'],121200
g_g005692,0,0,0,0,0,0,0,0,182000,0,0,['콘도미니엄/리조트'],182000
g_g005694,0,0,0,0,0,0,0,0,0,0,0,['호텔'],0
g_g005701,0,0,0,0,0,0,0,0,0,0,83700,['호텔'],83700
g_g005704,0,0,0,0,0,0,0,340000,0,0,0,['전통 숙박시설'],340000
g_g005707,0,0,0,150000,0,0,0,0,0,0,0,['모텔/여관'],150000
g_g005708,0,0,0,0,0,0,0,0,0,139000,0,['펜션'],139000
g_g005709,0,0,0,0,0,0,0,0,0,0,321082,['호텔'],321082
g_g005711,0,0,0,142100,0,0,0,0,0,0,0,['모텔/여관'],142100
g_g005716,0,196400,0,0,0,0,0,0,0,0,0,['게스트하우스'],196400
g_g005725,0,0,0,0,0,0,0,0,0,0,96000,['호텔'],96000
g_g005742,0,0,0,0,0,0,0,0,121045,0,0,['콘도미니엄/리조트'],121045
g_g005745,0,0,0,0,0,0,0,0,262000,0,0,['콘도미니엄/리조트'],262000
g_g005746,0,0,0,0,0,0,0,0,0,258000,0,['펜션'],258000
g_g005754,0,0,0,67500,0,0,0,0,0,0,0,['모텔/여관'],67500
g_g005783,0,0,0,0,189000,0,0,0,0,0,0,['민박'],189000
g_g005786,0,0,0,0,0,225000,0,0,0,0,0,"['야영(캠핑,글램핑등)']",225000
g_g005791,0,54299,0,0,0,0,0,0,0,0,0,['게스트하우스'],54299
g_g005793,0,184847,0,0,0,0,0,0,0,0,0,['게스트하우스'],184847
g_g005807,0,0,0,0,0,0,0,0,0,0,135830,['호텔'],135830
g_g005808,0,0,0,0,0,0,0,0,0,0,470000,['호텔'],470000
g_g005809,0,50000,0,0,0,0,0,100000,0,0,0,"['게스트하우스', '전통 숙박시설']",150000
g_g005811,0,0,259830,0,0,0,0,0,0,0,0,['기타'],259830
g_g005812,0,0,0,0,0,0,0,0,0,0,227100,['호텔'],227100
g_g005814,0,0,0,0,0,0,0,0,0,0,149494,['호텔'],149494
g_g005815,0,0,0,52000,0,0,0,0,0,0,0,['모텔/여관'],52000
g_g005817,0,0,0,111000,0,0,0,0,0,0,0,['모텔/여관'],111000
g_g005828,0,0,0,0,0,0,0,0,0,0,404678,['호텔'],404678
g_g005838,0,0,0,0,0,0,0,0,0,0,186703,['호텔'],186703
g_g005840,0,127082,0,0,0,0,0,0,0,0,0,['게스트하우스'],127082
g_g005841,0,0,0,0,0,0,0,0,0,154000,0,['펜션'],154000
g_g005843,0,0,0,0,0,0,0,0,0,0,91200,['호텔'],91200
g_g005844,0,0,0,0,0,0,0,0,0,190000,0,['펜션'],190000
g_g005855,0,0,0,0,0,0,0,51929,0,0,0,['전통 숙박시설'],51929
g_g005868,0,0,0,0,0,0,0,0,0,170000,0,['펜션'],170000
g_g005889,0,0,0,0,0,0,180000,0,0,0,0,['자연휴양림내 시설'],180000
g_g005899,0,0,199377,0,0,0,0,0,0,0,0,['기타'],199377
g_g005905,0,0,0,0,0,0,0,0,0,0,175640,['호텔'],175640
g_g005913,0,0,0,0,0,0,0,0,127000,88000,0,"['콘도미니엄/리조트', '펜션']",215000
g_g005920,0,0,0,40000,0,0,0,0,0,0,0,['모텔/여관'],40000
g_g005921,0,0,0,0,0,0,0,0,0,0,156000,['호텔'],156000
g_g005925,0,0,253010,0,0,0,0,0,0,0,0,['기타'],253010
g_g005932,0,0,146722,0,0,0,0,0,0,0,0,['기타'],146722
g_g005952,0,0,0,72000,0,0,0,0,0,0,0,['모텔/여관'],72000
g_g005954,0,0,0,0,0,0,0,0,0,0,97000,['호텔'],97000
g_g005967,0,0,0,77000,0,0,0,0,0,0,0,['모텔/여관'],77000
g_g005974,0,0,0,35418,0,0,0,0,0,0,0,['모텔/여관'],35418
g_g005975,0,0,0,0,0,0,0,0,0,0,140000,['호텔'],140000
g_g005982,0,0,0,0,0,0,0,213125,0,0,0,['전통 숙박시설'],213125
g_g005990,0,86000,0,69000,0,0,0,0,0,0,0,"['게스트하우스', '모텔/여관']",155000
g_g005992,0,0,0,0,0,239000,0,0,0,0,0,"['야영(캠핑,글램핑등)']",239000
g_g006003,0,0,0,0,0,0,0,0,443497,0,0,['콘도미니엄/리조트'],443497
g_g006020,0,0,0,0,0,0,0,0,0,0,220000,['호텔'],220000
g_g006023,0,0,0,0,0,0,0,0,0,0,71250,['호텔'],71250
g_g006029,0,0,0,0,0,0,0,0,0,260000,0,['펜션'],260000
g_g006055,0,260000,0,0,0,0,0,0,0,0,0,['게스트하우스'],260000
g_g006057,0,0,0,0,0,0,0,0,0,377000,0,['펜션'],377000
g_g006061,0,0,0,0,0,0,0,0,0,133239,0,['펜션'],133239
g_g006065,0,0,0,66000,0,0,0,0,0,0,0,['모텔/여관'],66000
g_g006076,0,0,0,0,0,0,0,0,0,0,179070,['호텔'],179070
g_g006084,0,0,0,0,0,0,0,0,0,0,51000,['호텔'],51000
g_g006092,0,0,0,0,0,0,0,0,243000,0,0,['콘도미니엄/리조트'],243000
g_g006100,0,0,0,0,0,30000,0,0,0,0,0,"['야영(캠핑,글램핑등)']",30000
g_g006101,0,0,0,0,0,0,0,0,0,510000,0,['펜션'],510000
g_g006102,0,0,0,0,0,0,180000,0,0,0,0,['자연휴양림내 시설'],180000
g_g006130,0,0,0,0,0,0,0,0,578000,0,0,['콘도미니엄/리조트'],578000
g_g006132,0,0,0,0,0,0,0,0,0,83000,0,['펜션'],83000
g_g006135,0,0,0,0,0,0,0,0,556800,0,0,['콘도미니엄/리조트'],556800
g_g006137,0,0,0,0,0,0,0,0,88500,0,0,['콘도미니엄/리조트'],88500
g_g006142,0,0,0,90000,0,0,0,0,0,0,0,['모텔/여관'],90000
g_g006151,0,0,0,0,0,0,0,0,0,579000,0,['펜션'],579000
g_g006152,0,0,0,225000,0,0,0,0,0,0,0,['모텔/여관'],225000
g_g006161,0,0,0,0,0,0,0,0,0,108768,0,['펜션'],108768
g_g006163,0,0,0,0,0,19000,0,0,0,0,0,"['야영(캠핑,글램핑등)']",19000
g_g006168,0,0,0,0,0,0,0,0,0,0,263935,['호텔'],263935
g_g006175,0,0,0,66000,0,0,0,0,0,0,0,['모텔/여관'],66000
g_g006179,0,0,0,0,0,0,0,0,250000,0,0,['콘도미니엄/리조트'],250000
g_g006190,0,0,0,0,110000,0,0,0,0,0,0,['민박'],110000
g_g006196,0,0,0,0,0,0,0,0,0,420000,0,['펜션'],420000
g_g006197,0,0,0,0,0,0,0,0,0,0,230000,['호텔'],230000
g_g006210,0,0,0,0,0,0,0,0,0,0,325240,['호텔'],325240
g_g006212,0,0,0,28000,0,0,0,0,0,0,0,['모텔/여관'],28000
g_g006213,0,0,0,0,0,0,0,0,509000,0,0,['콘도미니엄/리조트'],509000
g_g006214,0,0,0,0,0,0,0,0,0,90000,0,['펜션'],90000
g_g006223,0,0,0,85000,0,0,0,0,0,0,0,['모텔/여관'],85000
g_g006227,0,0,0,0,0,0,0,0,0,249000,169000,"['펜션', '호텔']",418000
g_g006249,0,0,0,0,0,0,0,0,0,0,2825253,['호텔'],2825253
g_g006265,0,0,0,35000,0,0,0,0,0,0,0,['모텔/여관'],35000
g_g006280,0,0,0,0,0,0,0,0,0,100000,0,['펜션'],100000
g_g006287,0,0,0,0,0,0,0,0,0,0,210000,['호텔'],210000
g_g006325,0,0,0,0,0,0,0,0,0,272000,0,['펜션'],272000
g_g006330,0,0,0,0,0,0,0,0,0,0,670000,['호텔'],670000
g_g006331,0,0,0,71500,0,0,0,0,0,0,0,['모텔/여관'],71500
g_g006359,0,0,0,175000,0,0,0,0,0,0,0,['모텔/여관'],175000
g_g006363,69318,0,0,0,0,0,0,0,0,0,88000,"['가족/친지집', '호텔']",157318
g_g006367,0,0,0,0,0,0,155000,0,0,0,0,['자연휴양림내 시설'],155000
g_g006372,0,0,0,0,0,100000,0,0,0,0,60000,['호텔'],160000
g_g006376,0,0,0,0,0,0,0,0,0,131911,0,['펜션'],131911
g_g006414,0,0,0,0,0,0,0,0,304951,0,122400,"['콘도미니엄/리조트', '호텔']",427351
g_g006447,0,0,0,0,0,0,0,216200,0,0,0,['전통 숙박시설'],216200
g_g006461,0,0,0,0,0,0,0,0,0,0,140000,['호텔'],140000
g_g006462,0,0,0,0,0,0,0,0,0,0,252021,['호텔'],252021
g_g006469,0,0,0,0,0,0,0,250000,0,0,0,['전통 숙박시설'],250000
g_g006470,0,25590,0,0,0,0,0,0,0,0,0,['게스트하우스'],25590
g_g006473,0,0,150000,0,0,0,0,0,0,0,0,['기타'],150000
g_g006477,0,0,0,49500,0,0,0,0,0,0,0,['모텔/여관'],49500
g_g006482,0,0,0,80000,0,0,0,0,0,0,0,['모텔/여관'],80000
g_g006489,0,0,0,0,0,0,0,0,0,0,90000,['호텔'],90000
g_g006492,0,46999,0,0,0,0,0,0,0,0,0,['게스트하우스'],46999
g_g006510,0,0,0,0,0,0,0,0,0,170000,0,['펜션'],170000
g_g006516,0,0,0,110000,0,0,0,0,0,0,0,['모텔/여관'],110000
g_g006517,0,0,0,0,0,0,0,0,0,0,326397,['호텔'],326397
g_g006523,0,0,0,0,0,0,0,0,0,160000,0,['펜션'],160000
g_g006524,0,0,159310,0,0,0,0,0,0,0,0,['기타'],159310
g_g006548,0,0,0,0,0,0,0,0,0,0,149000,['호텔'],149000
g_g006578,0,0,0,0,0,0,0,0,210000,0,188219,"['콘도미니엄/리조트', '호텔']",398219
g_g006588,0,0,0,0,0,0,0,0,0,205000,0,['펜션'],205000
g_g006629,0,0,0,0,0,0,0,0,0,0,95000,['호텔'],95000
g_g006651,0,0,0,0,0,0,0,0,310000,0,0,['콘도미니엄/리조트'],310000
g_g006666,0,0,0,0,0,0,0,0,0,0,178182,['호텔'],178182
g_g006668,0,0,0,0,500000,0,0,0,0,0,0,['민박'],500000
g_g006715,0,0,0,0,0,0,0,0,570000,0,0,['콘도미니엄/리조트'],570000
g_g006725,0,0,0,0,0,0,0,0,0,0,76760,['호텔'],76760
g_g006730,0,69895,0,0,0,0,0,0,0,0,0,['게스트하우스'],69895
g_g006741,0,0,0,0,0,0,0,0,0,431160,0,['펜션'],431160
g_g006768,0,0,0,0,0,0,0,0,0,220000,0,['펜션'],220000
g_g006775,0,0,0,65000,0,0,0,0,0,0,0,['모텔/여관'],65000
g_g006777,0,0,0,0,0,0,0,0,342000,0,0,['콘도미니엄/리조트'],342000
g_g006785,0,0,0,0,0,0,0,0,0,0,128606,['호텔'],128606
g_g006787,0,0,0,0,0,0,0,0,0,0,250000,['호텔'],250000
g_g006800,0,0,0,0,0,0,0,0,0,67500,66139,"['펜션', '호텔']",133639
g_g006803,0,0,0,56500,0,0,0,0,0,0,0,['모텔/여관'],56500
g_g006805,0,0,0,0,0,0,0,0,0,0,252500,['호텔'],252500
g_g006807,0,0,0,0,0,0,0,0,0,0,155000,['호텔'],155000
g_g006818,0,29000,0,0,0,0,0,0,0,0,46920,"['게스트하우스', '호텔']",75920
g_g006822,0,0,0,100000,0,0,0,0,0,0,0,['모텔/여관'],100000
g_g006828,0,0,0,0,0,0,0,0,0,0,70000,['호텔'],70000
g_g006831,0,69318,0,0,0,0,0,0,0,74000,0,"['게스트하우스', '펜션']",143318
g_g006834,0,0,0,0,0,0,0,0,0,0,0,['호텔'],0
g_g006835,0,14946,0,0,0,0,0,0,0,0,0,['게스트하우스'],14946
g_g006836,0,0,0,0,0,0,0,0,0,0,229801,['호텔'],229801
g_g006843,0,0,0,70000,0,0,0,0,0,0,0,['모텔/여관'],70000
g_g006859,0,0,0,0,0,0,0,0,0,0,90000,['호텔'],90000
g_g006861,0,0,0,0,0,0,408000,0,0,0,0,['자연휴양림내 시설'],408000
g_g006921,0,0,0,48000,0,0,0,0,145500,0,0,"['모텔/여관', '콘도미니엄/리조트']",193500
g_g006925,0,0,0,0,0,0,0,0,435504,0,0,['콘도미니엄/리조트'],435504
g_g006945,0,0,0,0,0,0,0,0,0,0,120240,['호텔'],120240
g_g006946,0,140000,0,0,0,0,0,0,0,0,0,['게스트하우스'],140000
g_g006947,0,0,0,0,0,0,0,0,0,0,221000,['호텔'],221000
g_g006961,0,0,0,0,220000,0,0,0,0,0,0,['민박'],220000
g_g006971,0,0,0,50000,0,0,0,0,0,0,0,['모텔/여관'],50000
g_g006974,0,0,0,0,0,0,0,0,0,171000,0,['펜션'],171000
g_g006975,0,0,0,60000,0,0,0,0,0,310000,0,['펜션'],370000
g_g006976,0,0,0,0,0,0,0,0,0,0,154000,['호텔'],154000
g_g006983,0,0,0,0,0,0,0,0,0,149000,0,"['모텔/여관', '펜션']",149000
g_g006986,0,0,0,0,0,0,0,0,159000,0,0,['콘도미니엄/리조트'],159000
g_g006989,0,0,0,0,0,0,0,0,0,0,100000,['호텔'],100000
g_g006999,0,0,0,130000,0,0,0,0,0,0,0,['모텔/여관'],130000
g_g007008,0,0,0,0,0,0,0,0,209250,0,0,['콘도미니엄/리조트'],209250
g_g007012,0,0,0,0,60000,0,0,0,0,0,0,['민박'],60000
g_g007013,0,0,0,135000,0,0,0,0,0,0,0,['모텔/여관'],135000
g_g007015,0,0,0,156257,0,0,0,0,0,0,0,['모텔/여관'],156257
g_g007017,0,0,0,70100,0,0,0,0,211200,0,0,"['모텔/여관', '콘도미니엄/리조트']",281300
g_g007022,0,0,0,0,0,0,0,0,0,0,300987,['호텔'],300987
g_g007029,0,0,0,0,0,0,0,0,0,0,153000,['호텔'],153000
g_g007035,0,0,0,0,0,0,0,0,0,83000,0,['펜션'],83000
g_g007037,0,0,46212,0,0,0,0,0,0,0,0,['기타'],46212
g_g007038,0,0,0,0,0,0,0,0,0,0,293480,['호텔'],293480
g_g007041,0,0,0,0,0,0,0,0,0,0,203172,['호텔'],203172
g_g007054,0,0,0,0,0,0,0,0,0,83700,0,['펜션'],83700
g_g007056,0,0,0,0,0,0,0,0,310576,0,0,['콘도미니엄/리조트'],310576
g_g007074,0,0,0,83000,0,0,0,0,0,0,0,['모텔/여관'],83000
g_g007086,0,0,0,87000,0,0,0,0,0,0,0,['모텔/여관'],87000
g_g007099,0,0,0,0,0,0,0,0,0,0,59000,['호텔'],59000
g_g007104,0,0,0,0,0,0,0,0,0,0,87030,['호텔'],87030
g_g007105,0,0,0,0,0,0,0,160000,0,0,0,['전통 숙박시설'],160000
g_g007120,0,70000,0,0,0,0,0,0,0,0,0,['게스트하우스'],70000
g_g007122,0,0,0,0,0,0,0,0,0,0,78128,['호텔'],78128
g_g007123,0,0,0,31000,0,0,0,0,0,85000,0,"['모텔/여관', '펜션']",116000
g_g007157,0,0,0,0,0,0,0,0,0,0,90000,['호텔'],90000
g_g007175,0,0,0,0,0,0,60000,0,0,0,0,['자연휴양림내 시설'],60000
g_g007176,0,0,0,0,0,0,0,0,0,0,316188,['호텔'],316188
g_g007196,0,0,0,0,0,0,0,0,0,0,81500,['호텔'],81500
g_g007199,0,0,0,0,0,0,0,0,0,590000,0,['펜션'],590000
g_g007209,0,0,0,0,0,142500,0,0,0,0,0,"['야영(캠핑,글램핑등)']",142500
g_g007218,0,0,0,0,0,0,0,0,0,0,311152,['호텔'],311152
g_g007223,0,0,0,0,0,0,0,0,0,0,110000,['호텔'],110000
g_g007224,0,0,0,128000,0,0,0,0,0,0,0,['모텔/여관'],128000
g_g007225,0,0,0,0,0,0,0,0,0,0,199000,['호텔'],199000
g_g007226,0,0,0,0,0,0,0,119304,0,0,0,['전통 숙박시설'],119304
g_g007228,0,0,0,60000,0,0,0,0,0,0,75900,"['모텔/여관', '호텔']",135900
g_g007230,0,100000,0,0,0,0,0,0,0,0,0,['게스트하우스'],100000
g_g007231,0,0,0,0,140000,0,0,0,0,0,0,['민박'],140000
g_g007232,0,60000,0,0,0,0,0,0,0,0,0,['게스트하우스'],60000
g_g007236,0,0,0,0,0,0,45000,0,0,0,0,['자연휴양림내 시설'],45000
g_g007248,0,0,0,0,0,0,0,0,0,0,112000,['호텔'],112000
g_g007258,0,0,0,0,0,0,0,0,0,0,800000,['호텔'],800000
g_g007308,0,0,0,0,0,0,80000,0,0,0,0,['자연휴양림내 시설'],80000
g_g007310,0,0,0,0,105000,0,0,0,0,0,158400,['민박'],263400
g_g007312,0,0,0,0,0,0,0,0,0,24008,0,['펜션'],24008
g_g007417,0,0,214885,0,0,0,0,0,0,0,0,['기타'],214885
g_g007420,0,0,0,0,0,0,0,0,0,100000,0,['펜션'],100000
g_g007432,0,0,0,0,0,0,0,0,280000,0,0,['콘도미니엄/리조트'],280000
g_g007433,0,0,0,0,0,0,0,0,0,0,85968,['호텔'],85968
g_g007434,0,0,0,100000,0,0,0,0,0,0,0,['모텔/여관'],100000
g_g007435,0,0,0,0,0,0,0,0,0,0,45000,['호텔'],45000
g_g007476,0,0,0,0,0,0,0,0,0,74000,57000,"['펜션', '호텔']",131000
g_g007513,0,0,0,0,0,0,0,0,0,0,72000,['호텔'],72000
g_g007515,0,0,0,0,0,0,0,0,0,0,160000,['호텔'],160000
g_g007535,0,0,0,0,0,0,0,0,147000,0,0,['콘도미니엄/리조트'],147000
g_g007537,0,0,0,0,0,0,0,0,0,248800,0,['펜션'],248800
g_g007538,0,0,0,0,75095,0,0,0,0,0,0,['민박'],75095
g_g007540,0,0,0,0,0,0,0,0,0,0,80000,['호텔'],80000
g_g007565,0,0,0,89000,0,0,0,0,0,0,0,['모텔/여관'],89000
g_g007644,0,0,0,0,0,0,0,0,30000,0,0,['콘도미니엄/리조트'],30000
g_g008055,0,0,0,0,0,0,0,0,0,0,62100,['호텔'],62100
g_g008062,0,0,0,0,0,0,0,0,204942,0,0,['콘도미니엄/리조트'],204942
g_g008304,0,0,0,0,0,0,0,0,0,0,92000,['호텔'],92000
g_g008434,0,0,0,100000,0,0,0,0,0,0,0,['모텔/여관'],100000
g_g008435,0,0,0,0,0,0,0,0,0,0,292000,['호텔'],292000
g_g008520,0,0,0,0,0,0,0,0,0,0,160200,['호텔'],160200
g_g008528,0,0,0,0,0,0,0,0,0,0,224294,['호텔'],224294
g_g008812,0,0,0,0,0,0,0,0,221431,0,0,['콘도미니엄/리조트'],221431
g_g008830,0,0,0,0,0,0,0,0,0,0,208000,['호텔'],208000
g_g008866,0,93786,0,0,0,0,0,0,0,0,0,['게스트하우스'],93786
g_g008925,0,0,0,0,0,0,0,0,0,94000,0,['펜션'],94000
g_g009026,0,0,0,34800,0,0,0,0,0,0,0,['모텔/여관'],34800
g_g009233,0,0,0,0,0,0,0,0,0,155965,0,['펜션'],155965
g_g009577,0,0,0,0,0,0,0,0,0,0,113050,['호텔'],113050
g_g010816,0,0,0,0,0,95000,0,0,0,0,0,"['야영(캠핑,글램핑등)']",95000
g_g010840,0,0,0,20000,0,0,0,0,0,0,0,['모텔/여관'],20000
g_g011914,0,0,0,0,0,0,0,0,0,0,0,['펜션'],0
g_g011934,0,0,0,0,0,0,0,0,0,0,150000,['호텔'],150000
g_g012686,0,0,0,0,0,0,0,0,0,0,85000,['호텔'],85000
g_g012726,0,0,0,0,0,0,0,0,0,122012,0,['펜션'],122012
g_g012774,0,0,0,17000,0,0,0,0,0,0,0,['모텔/여관'],17000
h_h001459,0,0,0,0,0,0,0,0,0,0,70810,['호텔'],70810
