TRAVEL_ID,TOTAL_ACTIVITY_WON
g_g000540,86200.0
g_g001133,284600.0
g_g000638,341480.0
g_g002127,210350.0
g_g006975,359796.0
g_g005270,431200.0
g_g005461,176814.0
g_g001076,879040.0
g_g002538,130920.0
g_g004822,111200.0
g_g000545,109600.0
g_g000498,266900.0
g_g002035,213500.0
g_g000832,296500.0
g_g000952,353210.0
g_g005967,320400.0
g_g006029,461490.0
g_g000345,647100.0
e_e000005,413500.0
e_e000043,118800.0
e_e000191,194000.0
e_e000316,333750.0
e_e000668,210000.0
e_e001033,155500.0
e_e001240,96500.0
e_e001423,61500.0
e_e001579,196900.0
e_e002195,34500.0
e_e003226,99300.0
e_e004870,117000.0
e_e004944,184480.0
e_e007408,63000.0
e_e011214,51300.0
e_e013132,89800.0
e_e013143,31000.0
e_e013144,24500.0
e_e013149,71500.0
e_e013179,53100.0
e_e013184,37300.0
e_e013188,76600.0
e_e013282,67100.0
f_f000001,256110.0
f_f000004,63100.0
f_f000030,388980.0
f_f001718,63000.0
f_f002508,121750.0
f_f008573,30900.0
f_f009789,217500.0
f_f015537,165000.0
f_f015541,53300.0
f_f016471,125700.0
f_f016830,31300.0
g_g000003,307320.0
g_g000004,362680.0
g_g000005,262800.0
g_g000009,75000.0
g_g000010,78400.0
g_g000016,346620.0
g_g000017,96000.0
g_g000023,170300.0
g_g000025,104840.0
g_g000026,269990.0
g_g000191,142900.0
g_g000195,247700.0
g_g000198,88920.0
g_g000204,316350.0
g_g000206,118300.0
g_g000208,72500.0
g_g000210,89870.0
g_g000215,96000.0
g_g000220,158000.0
g_g000225,190376.0
g_g000226,215000.0
g_g000229,198346.0
g_g000230,349800.0
g_g000231,56100.0
g_g000233,383100.0
g_g000234,584600.0
g_g000235,343500.0
g_g000236,12000.0
g_g000237,276900.0
g_g000239,68500.0
g_g000240,108800.0
g_g000242,264100.0
g_g000248,76300.0
g_g000249,137600.0
g_g000250,71000.0
g_g000251,81000.0
g_g000252,115800.0
g_g000256,119200.0
g_g000258,410700.0
g_g000259,297000.0
g_g000260,464100.0
g_g000262,190300.0
g_g000264,547400.0
g_g000265,557780.0
g_g000269,763100.0
g_g000270,579200.0
g_g000280,75600.0
g_g000284,37000.0
g_g000285,315700.0
g_g000286,45200.0
g_g000287,237500.0
g_g000290,516181.0
g_g000296,252000.0
g_g000298,465740.0
g_g000299,685700.0
g_g000301,277300.0
g_g000305,191400.0
g_g000306,268600.0
g_g000308,422660.0
g_g000309,137580.0
g_g000311,496220.0
g_g000312,15000.0
g_g000313,448790.0
g_g000314,320900.0
g_g000316,111700.0
g_g000318,219400.0
g_g000319,77650.0
g_g000320,242200.0
g_g000321,515010.0
g_g000322,315840.0
g_g000328,571920.0
g_g000334,105150.0
g_g000336,144080.0
g_g000338,120420.0
g_g000339,75700.0
g_g000341,41300.0
g_g000346,70800.0
g_g000348,367580.0
g_g000351,244980.0
g_g000354,186500.0
g_g000357,189100.0
g_g000361,87400.0
g_g000365,100800.0
g_g000367,250220.0
g_g000374,272930.0
g_g000378,200600.0
g_g000379,64500.0
g_g000380,257060.0
g_g000384,690900.0
g_g000387,79600.0
g_g000389,23500.0
g_g000391,385370.0
g_g000392,93200.0
g_g000393,54000.0
g_g000394,488100.0
g_g000396,146500.0
g_g000397,131000.0
g_g000399,249600.0
g_g000402,56800.0
g_g000404,84000.0
g_g000405,124500.0
g_g000409,177730.0
g_g000410,130000.0
g_g000413,256400.0
g_g000414,255442.0
g_g000418,203200.0
g_g000419,298500.0
g_g000420,28500.0
g_g000423,176800.0
g_g000425,85800.0
g_g000427,51100.0
g_g000429,88120.0
g_g000430,163000.0
g_g000435,114800.0
g_g000436,312300.0
g_g000437,254100.0
g_g000440,156850.0
g_g000441,129880.0
g_g000442,70400.0
g_g000443,191400.0
g_g000447,308800.0
g_g000453,570000.0
g_g000454,390600.0
g_g000459,315970.0
g_g000460,141200.0
g_g000461,132380.0
g_g000464,458306.0
g_g000466,251700.0
g_g000469,190120.0
g_g000471,426500.0
g_g000473,216700.0
g_g000474,76200.0
g_g000477,49900.0
g_g000478,226350.0
g_g000480,47000.0
g_g000481,216000.0
g_g000483,15000.0
g_g000486,476200.0
g_g000487,100500.0
g_g000488,133300.0
g_g000490,71000.0
g_g000492,110000.0
g_g000494,107700.0
g_g000499,243260.0
g_g000502,168900.0
g_g000503,134300.0
g_g000506,48450.0
g_g000507,64500.0
g_g000508,286730.0
g_g000510,84000.0
g_g000515,120900.0
g_g000516,25600.0
g_g000518,98700.0
g_g000519,215400.0
g_g000520,60800.0
g_g000522,922500.0
g_g000532,39900.0
g_g000536,211500.0
g_g000541,155700.0
g_g000544,181530.0
g_g000546,119600.0
g_g000552,68200.0
g_g000556,221800.0
g_g000558,379300.0
g_g000560,298890.0
g_g000562,50200.0
g_g000569,608900.0
g_g000570,250500.0
g_g000571,1562600.0
g_g000572,275300.0
g_g000577,338730.0
g_g000581,365060.0
g_g000582,40816.0
g_g000585,21900.0
g_g000590,235700.0
g_g000592,245230.0
g_g000602,150600.0
g_g000604,75500.0
g_g000605,417850.0
g_g000606,143500.0
g_g000607,148900.0
g_g000610,218000.0
g_g000611,204900.0
g_g000612,55700.0
g_g000613,47000.0
g_g000614,77900.0
g_g000618,355640.0
g_g000619,201000.0
g_g000622,154240.0
g_g000624,118600.0
g_g000628,89810.0
g_g000629,194000.0
g_g000636,135000.0
g_g000637,76000.0
g_g000639,363200.0
g_g000642,159370.0
g_g000643,309250.0
g_g000648,336650.0
g_g000651,127100.0
g_g000653,95690.0
g_g000654,258700.0
g_g000657,238000.0
g_g000658,173590.0
g_g000665,446700.0
g_g000670,141100.0
g_g000672,392100.0
g_g000675,178400.0
g_g000678,192390.0
g_g000680,118400.0
g_g000681,227800.0
g_g000685,96500.0
g_g000687,170100.0
g_g000688,184000.0
g_g000695,136000.0
g_g000696,31400.0
g_g000697,140530.0
g_g000698,76000.0
g_g000699,291600.0
g_g000701,594940.0
g_g000702,408800.0
g_g000703,457700.0
g_g000709,100500.0
g_g000710,137300.0
g_g000712,119400.0
g_g000714,100430.0
g_g000716,228100.0
g_g000717,3000.0
g_g000719,341900.0
g_g000722,19000.0
g_g000726,108320.0
g_g000727,27000.0
g_g000729,75350.0
g_g000730,424000.0
g_g000732,280200.0
g_g000734,191500.0
g_g000735,212300.0
g_g000736,133000.0
g_g000742,228500.0
g_g000743,307200.0
g_g000747,199920.0
g_g000751,89170.0
g_g000754,758760.0
g_g000756,387400.0
g_g000758,140700.0
g_g000769,120040.0
g_g000770,112800.0
g_g000773,193800.0
g_g000775,239900.0
g_g000776,124000.0
g_g000777,46100.0
g_g000779,210900.0
g_g000781,93000.0
g_g000782,53000.0
g_g000784,147050.0
g_g000785,294700.0
g_g000786,503800.0
g_g000788,264765.0
g_g000789,229000.0
g_g000790,64890.0
g_g000792,163700.0
g_g000794,116000.0
g_g000796,5200.0
g_g000804,104000.0
g_g000807,325730.0
g_g000808,374700.0
g_g000809,95400.0
g_g000812,194000.0
g_g000815,151200.0
g_g000818,124400.0
g_g000819,274890.0
g_g000820,109500.0
g_g000826,129320.0
g_g000831,372100.0
g_g000834,10000.0
g_g000836,196350.0
g_g000842,62300.0
g_g000848,48300.0
g_g000859,212410.0
g_g000861,218450.0
g_g000862,122300.0
g_g000864,278760.0
g_g000866,2084310.0
g_g000867,362300.0
g_g000869,144500.0
g_g000871,86000.0
g_g000875,381000.0
g_g000880,330020.0
g_g000881,1759120.0
g_g000883,150700.0
g_g000892,217300.0
g_g000898,396790.0
g_g000899,105360.0
g_g000901,145200.0
g_g000902,62800.0
g_g000906,390500.0
g_g000907,210000.0
g_g000910,307600.0
g_g000913,112400.0
g_g000916,48300.0
g_g000917,21000.0
g_g000920,337300.0
g_g000931,253000.0
g_g000935,188700.0
g_g000937,32800.0
g_g000938,314500.0
g_g000939,66200.0
g_g000940,123000.0
g_g000943,208990.0
g_g000944,549300.0
g_g000945,144900.0
g_g000946,62000.0
g_g000947,103700.0
g_g000949,446500.0
g_g000950,134400.0
g_g000954,673630.0
g_g000957,84700.0
g_g000958,58800.0
g_g000959,538060.0
g_g000965,208700.0
g_g000967,130700.0
g_g000972,797550.0
g_g000974,175200.0
g_g000976,175400.0
g_g000982,153000.0
g_g000983,62460.0
g_g000985,182570.0
g_g000986,122190.0
g_g000987,224150.0
g_g000988,50800.0
g_g000989,145354.0
g_g000991,65400.0
g_g000992,174400.0
g_g000993,243200.0
g_g000996,58700.0
g_g000998,396970.0
g_g001000,167050.0
g_g001002,97500.0
g_g001003,214900.0
g_g001004,598000.0
g_g001006,226600.0
g_g001011,327332.0
g_g001014,367864.0
g_g001016,158500.0
g_g001019,175200.0
g_g001022,105300.0
g_g001026,81600.0
g_g001028,111770.0
g_g001030,258500.0
g_g001033,126000.0
g_g001034,116000.0
g_g001035,94000.0
g_g001036,261750.0
g_g001038,232930.0
g_g001039,19000.0
g_g001040,96000.0
g_g001041,169000.0
g_g001046,196500.0
g_g001047,293300.0
g_g001048,136500.0
g_g001050,20000.0
g_g001051,214700.0
g_g001052,68200.0
g_g001053,111100.0
g_g001056,112600.0
g_g001063,111100.0
g_g001068,101000.0
g_g001070,177600.0
g_g001077,43000.0
g_g001081,968570.0
g_g001083,276820.0
g_g001086,136800.0
g_g001095,611100.0
g_g001100,274620.0
g_g001101,118000.0
g_g001103,112100.0
g_g001104,203690.0
g_g001106,146500.0
g_g001107,26000.0
g_g001109,348150.0
g_g001111,332780.0
g_g001112,180500.0
g_g001113,140300.0
g_g001114,233200.0
g_g001118,17500.0
g_g001124,118000.0
g_g001129,96500.0
g_g001132,154100.0
g_g001135,135500.0
g_g001136,49000.0
g_g001138,90250.0
g_g001144,107300.0
g_g001147,61500.0
g_g001148,415350.0
g_g001151,69500.0
g_g001154,192000.0
g_g001156,104850.0
g_g001164,132700.0
g_g001166,51000.0
g_g001169,191700.0
g_g001171,86700.0
g_g001173,14400.0
g_g001178,175800.0
g_g001187,72600.0
g_g001189,394300.0
g_g001191,52350.0
g_g001194,61600.0
g_g001196,48000.0
g_g001197,153400.0
g_g001199,105200.0
g_g001200,169920.0
g_g001203,203180.0
g_g001204,71520.0
g_g001206,169000.0
g_g001208,335200.0
g_g001209,68000.0
g_g001219,211840.0
g_g001221,238300.0
g_g001222,251900.0
g_g001223,418970.0
g_g001224,232800.0
g_g001225,188000.0
g_g001227,19800.0
g_g001230,43420.0
g_g001231,245500.0
g_g001233,220700.0
g_g001235,280500.0
g_g001237,43500.0
g_g001243,172800.0
g_g001250,133730.0
g_g001256,47200.0
g_g001257,71000.0
g_g001258,276700.0
g_g001261,76800.0
g_g001272,175650.0
g_g001273,125000.0
g_g001276,135000.0
g_g001280,250450.0
g_g001288,30000.0
g_g001289,121300.0
g_g001290,162400.0
g_g001291,57500.0
g_g001293,149800.0
g_g001296,594000.0
g_g001297,35260.0
g_g001299,267400.0
g_g001300,495350.0
g_g001301,129000.0
g_g001305,101800.0
g_g001309,253700.0
g_g001313,249800.0
g_g001315,167500.0
g_g001319,369800.0
g_g001320,168720.0
g_g001322,50800.0
g_g001323,19800.0
g_g001329,146300.0
g_g001337,201460.0
g_g001338,96600.0
g_g001343,1377200.0
g_g001344,133000.0
g_g001346,123400.0
g_g001350,116500.0
g_g001352,289300.0
g_g001353,107000.0
g_g001356,43100.0
g_g001362,295220.0
g_g001364,270470.0
g_g001371,94790.0
g_g001374,150700.0
g_g001381,91350.0
g_g001383,226800.0
g_g001386,264000.0
g_g001388,100000.0
g_g001390,19000.0
g_g001556,74500.0
g_g001563,78800.0
g_g001564,110940.0
g_g001565,23200.0
g_g001566,29800.0
g_g001567,62800.0
g_g001575,328520.0
g_g001576,128200.0
g_g001580,84000.0
g_g001584,175200.0
g_g001587,210200.0
g_g001590,129500.0
g_g001598,84000.0
g_g001599,77000.0
g_g001603,279300.0
g_g001606,82500.0
g_g001611,185120.0
g_g001612,76300.0
g_g001614,55500.0
g_g001615,105800.0
g_g001619,148000.0
g_g001620,15200.0
g_g001621,5000.0
g_g001623,73500.0
g_g001625,73500.0
g_g001627,95000.0
g_g001630,168400.0
g_g001640,439000.0
g_g001644,62000.0
g_g001645,359240.0
g_g001646,296800.0
g_g001648,12700.0
g_g001650,56500.0
g_g001651,173500.0
g_g001652,9000.0
g_g001656,150490.0
g_g001662,52300.0
g_g001665,86000.0
g_g001668,119360.0
g_g001669,34500.0
g_g001673,108500.0
g_g001674,165800.0
g_g001677,69200.0
g_g001678,167500.0
g_g001679,31000.0
g_g001681,238700.0
g_g001682,147730.0
g_g001686,135530.0
g_g001689,55500.0
g_g001690,192200.0
g_g001692,201000.0
g_g001693,39500.0
g_g001694,58400.0
g_g001695,16000.0
g_g001697,40800.0
g_g001698,180820.0
g_g001700,186400.0
g_g001701,69120.0
g_g001702,306200.0
g_g001703,185500.0
g_g001704,26370.0
g_g001708,236280.0
g_g001710,116500.0
g_g001715,125220.0
g_g001716,134700.0
g_g001718,113300.0
g_g001721,92300.0
g_g001722,123150.0
g_g001724,134500.0
g_g001733,177900.0
g_g001734,268400.0
g_g001740,344000.0
g_g001741,97930.0
g_g001743,5000.0
g_g001753,73800.0
g_g001755,184050.0
g_g001761,78500.0
g_g001763,125999.0
g_g001764,8000.0
g_g001765,137400.0
g_g001768,202300.0
g_g001779,293400.0
g_g001780,37700.0
g_g001786,193300.0
g_g001789,158510.0
g_g001791,33000.0
g_g001794,54900.0
g_g001795,305700.0
g_g001796,245000.0
g_g001797,367700.0
g_g001798,224780.0
g_g001799,35000.0
g_g001803,20000.0
g_g001806,202775.0
g_g001810,125800.0
g_g001812,378300.0
g_g001818,384440.0
g_g001819,133000.0
g_g001826,182300.0
g_g001829,135350.0
g_g001830,103500.0
g_g001832,160000.0
g_g001833,74300.0
g_g001834,162100.0
g_g001835,18000.0
g_g001836,157750.0
g_g001837,169500.0
g_g001846,36830.0
g_g001850,159500.0
g_g001856,129300.0
g_g001857,66600.0
g_g001859,85900.0
g_g001866,28000.0
g_g001868,88900.0
g_g001875,146090.0
g_g001876,221000.0
g_g001877,11500.0
g_g001879,76000.0
g_g001880,310500.0
g_g001881,92900.0
g_g001882,198200.0
g_g001884,60900.0
g_g001888,194900.0
g_g001890,89200.0
g_g001891,35500.0
g_g001895,171000.0
g_g001900,163000.0
g_g001913,56800.0
g_g001914,67900.0
g_g001916,67500.0
g_g001920,40500.0
g_g001928,19000.0
g_g001929,113000.0
g_g001932,50000.0
g_g001947,245400.0
g_g001954,46500.0
g_g001963,43300.0
g_g001964,92000.0
g_g001965,162070.0
g_g001977,206500.0
g_g001981,124900.0
g_g001984,232100.0
g_g001993,74500.0
g_g002014,211170.0
g_g002017,37400.0
g_g002019,198600.0
g_g002028,207480.0
g_g002032,404656.0
g_g002037,123700.0
g_g002041,37500.0
g_g002046,103500.0
g_g002048,29500.0
g_g002056,307600.0
g_g002059,169600.0
g_g002073,71200.0
g_g002075,133800.0
g_g002078,136400.0
g_g002088,204500.0
g_g002089,166500.0
g_g002094,106600.0
g_g002096,120000.0
g_g002104,47900.0
g_g002109,51310.0
g_g002110,464710.0
g_g002120,41000.0
g_g002122,24700.0
g_g002130,295930.0
g_g002134,111280.0
g_g002144,209200.0
g_g002148,41000.0
g_g002151,222800.0
g_g002152,95500.0
g_g002154,88810.0
g_g002156,183640.0
g_g002159,121400.0
g_g002164,191900.0
g_g002169,3092279.0
g_g002176,218920.0
g_g002177,133440.0
g_g002178,71700.0
g_g002189,199500.0
g_g002190,88850.0
g_g002195,157500.0
g_g002202,127100.0
g_g002207,251500.0
g_g002212,79000.0
g_g002214,164000.0
g_g002219,59600.0
g_g002220,72000.0
g_g002222,99300.0
g_g002223,105000.0
g_g002224,112000.0
g_g002230,219000.0
g_g002232,105300.0
g_g002233,224390.0
g_g002235,124000.0
g_g002238,108200.0
g_g002241,641320.0
g_g002242,78000.0
g_g002244,80500.0
g_g002245,471500.0
g_g002247,121900.0
g_g002255,167140.0
g_g002256,485800.0
g_g002262,51300.0
g_g002264,161870.0
g_g002271,173700.0
g_g002273,35000.0
g_g002275,58400.0
g_g002412,163300.0
g_g002416,18600.0
g_g002417,632800.0
g_g002421,146400.0
g_g002429,109300.0
g_g002431,92800.0
g_g002436,164970.0
g_g002438,375900.0
g_g002440,172500.0
g_g002441,85900.0
g_g002445,85000.0
g_g002446,272500.0
g_g002460,207180.0
g_g002465,170000.0
g_g002466,145500.0
g_g002472,194600.0
g_g002473,187000.0
g_g002475,36600.0
g_g002478,150200.0
g_g002483,16000.0
g_g002492,21000.0
g_g002496,132100.0
g_g002497,55700.0
g_g002500,190000.0
g_g002512,189090.0
g_g002513,195600.0
g_g002516,108900.0
g_g002519,38000.0
g_g002521,399250.0
g_g002533,253854.0
g_g002542,169300.0
g_g002543,51800.0
g_g002545,335200.0
g_g002546,309500.0
g_g002552,408500.0
g_g002554,47300.0
g_g002560,113820.0
g_g002564,45800.0
g_g002565,147950.0
g_g002570,32980.0
g_g002583,126500.0
g_g002588,119500.0
g_g002593,53900.0
g_g002601,133000.0
g_g002603,104180.0
g_g002606,45500.0
g_g002607,119400.0
g_g002612,27900.0
g_g002616,6800.0
g_g002620,75920.0
g_g002622,195500.0
g_g002624,240400.0
g_g002626,156260.0
g_g002627,220500.0
g_g002631,2127800.0
g_g002632,47900.0
g_g002633,35500.0
g_g002634,54900.0
g_g002636,66550.0
g_g002637,11000.0
g_g002638,288500.0
g_g002647,200700.0
g_g002648,274340.0
g_g002657,78200.0
g_g002658,300303.0
g_g002668,141600.0
g_g002671,146000.0
g_g002679,46000.0
g_g002680,180900.0
g_g002683,126600.0
g_g002688,298500.0
g_g002690,44900.0
g_g002691,227700.0
g_g002693,59925.0
g_g002698,212800.0
g_g002701,94100.0
g_g002702,213100.0
g_g002703,157000.0
g_g002704,354750.0
g_g002705,87300.0
g_g002711,214500.0
g_g002718,192000.0
g_g002719,155800.0
g_g002727,125600.0
g_g002729,22500.0
g_g002731,399400.0
g_g002732,176500.0
g_g002735,128000.0
g_g002738,134900.0
g_g002744,288300.0
g_g002745,68200.0
g_g002750,58200.0
g_g002752,118290.0
g_g002753,245610.0
g_g002759,401950.0
g_g002760,229700.0
g_g002762,230500.0
g_g002764,376090.0
g_g002765,22000.0
g_g002766,265250.0
g_g002767,136200.0
g_g002770,154500.0
g_g002776,53600.0
g_g002784,214800.0
g_g002793,55500.0
g_g002795,320500.0
g_g002798,334100.0
g_g002802,116000.0
g_g002804,113600.0
g_g002806,42400.0
g_g002809,279700.0
g_g002811,145100.0
g_g002819,585900.0
g_g002820,164600.0
g_g002825,357000.0
g_g002827,94400.0
g_g002828,89000.0
g_g002829,432600.0
g_g002832,103700.0
g_g002833,155500.0
g_g002837,89600.0
g_g002838,7200.0
g_g002841,100200.0
g_g002851,73420.0
g_g002854,302000.0
g_g002856,38500.0
g_g002857,27800.0
g_g002865,173300.0
g_g002867,140100.0
g_g002872,510180.0
g_g002874,106600.0
g_g002875,131000.0
g_g002880,307800.0
g_g002886,179600.0
g_g002887,119100.0
g_g002890,217700.0
g_g002891,560400.0
g_g002896,201000.0
g_g002897,352500.0
g_g002900,26350.0
g_g002903,170000.0
g_g002906,81400.0
g_g002907,37200.0
g_g002908,169000.0
g_g002912,194500.0
g_g002916,291350.0
g_g002918,161200.0
g_g002928,107100.0
g_g002933,159000.0
g_g002943,82000.0
g_g002944,89800.0
g_g002946,76500.0
g_g002949,387100.0
g_g002952,159200.0
g_g002953,83000.0
g_g002955,105400.0
g_g002963,261500.0
g_g002967,45300.0
g_g002974,207530.0
g_g002975,100200.0
g_g002983,81200.0
g_g002985,7000.0
g_g002986,175800.0
g_g002987,15000.0
g_g002988,159800.0
g_g002989,226400.0
g_g002991,395950.0
g_g002993,435560.0
g_g002995,278500.0
g_g002999,26000.0
g_g003001,74000.0
g_g003004,128600.0
g_g003019,10000.0
g_g003026,48500.0
g_g003028,178000.0
g_g003029,67500.0
g_g003034,51000.0
g_g003035,156800.0
g_g003039,95500.0
g_g003042,161000.0
g_g003043,181000.0
g_g003047,251850.0
g_g003050,159250.0
g_g003051,91400.0
g_g003053,272800.0
g_g003058,23800.0
g_g003059,138500.0
g_g003061,116100.0
g_g003062,268500.0
g_g003064,159700.0
g_g003065,146300.0
g_g003067,64100.0
g_g003068,230450.0
g_g003071,108600.0
g_g003077,279900.0
g_g003079,129690.0
g_g003086,151500.0
g_g003090,34000.0
g_g003092,19900.0
g_g003096,65900.0
g_g003097,301848.0
g_g003098,170100.0
g_g003101,90500.0
g_g003104,363600.0
g_g003108,67000.0
g_g003115,64500.0
g_g003118,363060.0
g_g003119,70000.0
g_g003120,260500.0
g_g003121,68520.0
g_g003130,8100.0
g_g003135,113400.0
g_g003137,78300.0
g_g003140,150000.0
g_g003143,177400.0
g_g003144,70900.0
g_g003145,609001.0
g_g003150,168300.0
g_g003151,172300.0
g_g003153,49400.0
g_g003154,115000.0
g_g003159,36750.0
g_g003162,307640.0
g_g003165,193700.0
g_g003168,150000.0
g_g003169,113540.0
g_g003173,26100.0
g_g003174,156300.0
g_g003177,158300.0
g_g003179,101430.0
g_g003182,362810.0
g_g003189,151500.0
g_g003193,418980.0
g_g003194,59700.0
g_g003195,181500.0
g_g003196,146940.0
g_g003199,108000.0
g_g003200,75000.0
g_g003202,84300.0
g_g003208,192700.0
g_g003210,86840.0
g_g003212,29000.0
g_g003217,121000.0
g_g003221,175900.0
g_g003224,71900.0
g_g003227,86800.0
g_g003235,141000.0
g_g003238,98000.0
g_g003243,54400.0
g_g003246,8000.0
g_g003251,50500.0
g_g003252,127300.0
g_g003255,76500.0
g_g003266,58000.0
g_g003267,204900.0
g_g003273,90000.0
g_g003278,138500.0
g_g003281,117580.0
g_g003284,57500.0
g_g003290,37000.0
g_g003296,70200.0
g_g003301,213600.0
g_g003307,98000.0
g_g003308,38100.0
g_g003314,145800.0
g_g003320,61000.0
g_g003323,41300.0
g_g003326,211210.0
g_g003329,285000.0
g_g003334,60000.0
g_g003335,170100.0
g_g003337,132334.0
g_g003340,163050.0
g_g003352,41460.0
g_g003353,158700.0
g_g003355,76500.0
g_g003359,2000.0
g_g003368,20500.0
g_g003369,142200.0
g_g003370,198300.0
g_g003372,88200.0
g_g003376,50500.0
g_g003380,36000.0
g_g003382,852000.0
g_g003388,197800.0
g_g003391,111700.0
g_g003394,297200.0
g_g003398,189400.0
g_g003399,124100.0
g_g003403,207100.0
g_g003408,195800.0
g_g003418,168500.0
g_g003420,111800.0
g_g003422,358200.0
g_g003429,43000.0
g_g003438,24600.0
g_g003444,185680.0
g_g003453,141000.0
g_g003455,105200.0
g_g003459,90700.0
g_g003463,325260.0
g_g003464,351000.0
g_g003467,154500.0
g_g003468,168000.0
g_g003474,99080.0
g_g003480,80500.0
g_g003485,502480.0
g_g003491,110300.0
g_g003492,87900.0
g_g003495,42300.0
g_g003497,154350.0
g_g003499,182850.0
g_g003511,235300.0
g_g003512,110000.0
g_g003515,108920.0
g_g003516,75210.0
g_g003525,79900.0
g_g003526,216100.0
g_g003535,237000.0
g_g003541,83820.0
g_g003544,217460.0
g_g003554,356820.0
g_g003555,135950.0
g_g003556,185000.0
g_g003559,86045.0
g_g003561,208900.0
g_g003563,181300.0
g_g003565,554900.0
g_g003570,128825.0
g_g003572,143010.0
g_g003573,205120.0
g_g003576,124000.0
g_g003577,14000.0
g_g003583,194400.0
g_g003586,113000.0
g_g003589,123850.0
g_g003599,77500.0
g_g003600,179200.0
g_g003608,163800.0
g_g003610,158300.0
g_g003613,189300.0
g_g003615,255900.0
g_g003623,536770.0
g_g003624,53000.0
g_g003629,328500.0
g_g003636,105300.0
g_g003645,173080.0
g_g003646,186430.0
g_g003648,432780.0
g_g003652,389800.0
g_g003655,181250.0
g_g003658,106100.0
g_g003661,72000.0
g_g003664,287400.0
g_g003665,261000.0
g_g003681,46000.0
g_g003687,395360.0
g_g003688,121300.0
g_g003700,105010.0
g_g003701,171140.0
g_g003712,140810.0
g_g003714,29244.0
g_g003717,335000.0
g_g003718,38000.0
g_g003722,132100.0
g_g003728,52100.0
g_g003729,328500.0
g_g003733,64000.0
g_g003736,45900.0
g_g003738,320910.0
g_g003746,58500.0
g_g003758,64000.0
g_g003770,171600.0
g_g003771,89400.0
g_g003779,150500.0
g_g003805,165700.0
g_g003807,114420.0
g_g003810,29000.0
g_g003821,92800.0
g_g003824,75999.0
g_g003839,54000.0
g_g003845,177500.0
g_g003846,73000.0
g_g003847,153000.0
g_g003852,167000.0
g_g003860,727300.0
g_g003867,320810.0
g_g003869,124499.0
g_g003871,263300.0
g_g003874,18000.0
g_g003875,40000.0
g_g003899,37600.0
g_g003902,186300.0
g_g003906,210500.0
g_g003917,85000.0
g_g003921,249820.0
g_g003929,172500.0
g_g003940,37000.0
g_g003944,187200.0
g_g003950,220860.0
g_g003956,147600.0
g_g003957,184600.0
g_g003959,77800.0
g_g003960,211700.0
g_g003961,134400.0
g_g003962,96460.0
g_g003965,255400.0
g_g003980,260500.0
g_g003984,76300.0
g_g003986,254800.0
g_g003990,56900.0
g_g004004,130000.0
g_g004025,67710.0
g_g004036,69600.0
g_g004047,216000.0
g_g004064,36500.0
g_g004065,86300.0
g_g004066,77320.0
g_g004101,114000.0
g_g004103,190600.0
g_g004104,328500.0
g_g004109,50600.0
g_g004124,198100.0
g_g004138,189500.0
g_g004139,170000.0
g_g004152,117500.0
g_g004154,61460.0
g_g004155,283400.0
g_g004170,104600.0
g_g004174,32700.0
g_g004180,214500.0
g_g004187,153700.0
g_g004189,120450.0
g_g004205,92500.0
g_g004229,70000.0
g_g004231,630500.0
g_g004234,46500.0
g_g004239,116700.0
g_g004255,154400.0
g_g004259,38100.0
g_g004265,61000.0
g_g004276,126500.0
g_g004279,224000.0
g_g004282,85000.0
g_g004288,84700.0
g_g004289,134000.0
g_g004294,115560.0
g_g004297,106900.0
g_g004309,184000.0
g_g004310,145000.0
g_g004317,183300.0
g_g004318,223100.0
g_g004324,249500.0
g_g004327,84000.0
g_g004329,59800.0
g_g004340,177000.0
g_g004350,107400.0
g_g004354,403600.0
g_g004355,109000.0
g_g004359,298910.0
g_g004366,133450.0
g_g004375,279440.0
g_g004380,103500.0
g_g004383,142550.0
g_g004392,181000.0
g_g004393,41300.0
g_g004397,90700.0
g_g004398,301300.0
g_g004399,74100.0
g_g004401,109400.0
g_g004406,75100.0
g_g004412,62100.0
g_g004416,162500.0
g_g004420,134700.0
g_g004435,169500.0
g_g004436,110200.0
g_g004438,33900.0
g_g004446,39000.0
g_g004453,71900.0
g_g004454,237070.0
g_g004458,99200.0
g_g004467,78400.0
g_g004472,150500.0
g_g004476,250400.0
g_g004485,273800.0
g_g004489,110940.0
g_g004492,137506.0
g_g004494,72000.0
g_g004498,81500.0
g_g004510,72560.0
g_g004511,49000.0
g_g004516,72000.0
g_g004519,41000.0
g_g004521,135300.0
g_g004524,216100.0
g_g004538,74500.0
g_g004551,16000.0
g_g004552,138900.0
g_g004554,47800.0
g_g004556,267280.0
g_g004573,165700.0
g_g004578,215700.0
g_g004593,215000.0
g_g004594,81700.0
g_g004606,385700.0
g_g004621,122000.0
g_g004622,127420.0
g_g004626,79600.0
g_g004629,120900.0
g_g004630,228300.0
g_g004631,650450.0
g_g004636,537680.0
g_g004637,174690.0
g_g004656,86500.0
g_g004669,83900.0
g_g004671,96000.0
g_g004678,90400.0
g_g004681,44000.0
g_g004688,146000.0
g_g004701,356900.0
g_g004707,63400.0
g_g004714,42000.0
g_g004719,95000.0
g_g004722,353000.0
g_g004723,68800.0
g_g004731,31500.0
g_g004740,211900.0
g_g004754,162100.0
g_g004762,197800.0
g_g004766,240380.0
g_g004772,169000.0
g_g004776,137000.0
g_g004781,267300.0
g_g004810,148100.0
g_g004815,213500.0
g_g004816,64000.0
g_g004826,96700.0
g_g004828,245060.0
g_g004831,79300.0
g_g004839,96000.0
g_g004849,181700.0
g_g004852,166020.0
g_g004853,243760.0
g_g004865,196900.0
g_g004869,155300.0
g_g004877,152500.0
g_g004879,140710.0
g_g004886,118000.0
g_g004893,435260.0
g_g004904,562200.0
g_g004905,269100.0
g_g004906,205800.0
g_g004909,9362200.0
g_g004915,332400.0
g_g004916,566540.0
g_g004920,46000.0
g_g004925,481330.0
g_g004926,921310.0
g_g004955,627900.0
g_g004961,375100.0
g_g004971,312860.0
g_g004975,248600.0
g_g004976,146600.0
g_g004977,123180.0
g_g004993,42000.0
g_g004994,121500.0
g_g005012,55000.0
g_g005034,96000.0
g_g005053,300880.0
g_g005056,209400.0
g_g005060,46500.0
g_g005076,389400.0
g_g005080,507900.0
g_g005081,114490.0
g_g005083,6300.0
g_g005094,751600.0
g_g005105,187500.0
g_g005114,205500.0
g_g005119,566360.0
g_g005127,259200.0
g_g005153,381090.0
g_g005160,133150.0
g_g005164,174000.0
g_g005165,91150.0
g_g005167,450200.0
g_g005170,269000.0
g_g005171,221900.0
g_g005173,256320.0
g_g005175,325620.0
g_g005187,189400.0
g_g005198,166600.0
g_g005200,259850.0
g_g005206,266300.0
g_g005209,268800.0
g_g005218,91300.0
g_g005219,234600.0
g_g005225,386600.0
g_g005243,785000.0
g_g005250,185500.0
g_g005254,277060.0
g_g005259,156800.0
g_g005266,879270.0
g_g005271,491750.0
g_g005273,154800.0
g_g005280,439200.0
g_g005282,127950.0
g_g005297,104750.0
g_g005299,43900.0
g_g005300,155300.0
g_g005302,70300.0
g_g005303,195900.0
g_g005310,421727.0
g_g005319,331100.0
g_g005330,223600.0
g_g005358,124000.0
g_g005372,226000.0
g_g005377,69000.0
g_g005387,63000.0
g_g005391,259000.0
g_g005392,62000.0
g_g005395,107000.0
g_g005398,206000.0
g_g005400,133000.0
g_g005402,119400.0
g_g005415,364600.0
g_g005419,120000.0
g_g005438,326680.0
g_g005447,393100.0
g_g005454,51600.0
g_g005455,63200.0
g_g005465,225400.0
g_g005537,117100.0
g_g005541,55000.0
g_g005542,84700.0
g_g005544,17500.0
g_g005548,18000.0
g_g005549,92300.0
g_g005552,41300.0
g_g005554,89200.0
g_g005555,20550.0
g_g005559,64500.0
g_g005562,154300.0
g_g005564,32000.0
g_g005565,13000.0
g_g005567,71600.0
g_g005568,85100.0
g_g005569,97500.0
g_g005572,185500.0
g_g005573,144400.0
g_g005574,100000.0
g_g005576,105000.0
g_g005578,80900.0
g_g005579,17000.0
g_g005580,56000.0
g_g005581,48000.0
g_g005583,72900.0
g_g005589,267560.0
g_g005590,67700.0
g_g005591,57800.0
g_g005593,48900.0
g_g005594,60700.0
g_g005597,80500.0
g_g005599,142000.0
g_g005601,25700.0
g_g005602,24000.0
g_g005681,183970.0
g_g005683,134700.0
g_g005684,199000.0
g_g005692,265650.0
g_g005694,105600.0
g_g005701,110150.0
g_g005704,172800.0
g_g005707,365200.0
g_g005708,88460.0
g_g005709,620400.0
g_g005711,144600.0
g_g005716,138520.0
g_g005725,173900.0
g_g005742,138300.0
g_g005745,721900.0
g_g005746,73000.0
g_g005750,132800.0
g_g005754,109120.0
g_g005762,68800.0
g_g005783,293260.0
g_g005786,302890.0
g_g005791,135400.0
g_g005793,356600.0
g_g005794,40000.0
g_g005795,14500.0
g_g005798,121300.0
g_g005806,66000.0
g_g005807,180500.0
g_g005808,285800.0
g_g005809,243200.0
g_g005811,377200.0
g_g005812,200600.0
g_g005814,355550.0
g_g005815,83500.0
g_g005817,281000.0
g_g005828,472110.0
g_g005838,203350.0
g_g005840,83900.0
g_g005841,354700.0
g_g005843,96200.0
g_g005844,720120.0
g_g005855,129500.0
g_g005868,201000.0
g_g005889,117400.0
g_g005895,763000.0
g_g005899,612440.0
g_g005905,182200.0
g_g005913,420600.0
g_g005920,59500.0
g_g005921,218900.0
g_g005925,377500.0
g_g005932,348000.0
g_g005952,464400.0
g_g005954,181300.0
g_g005959,610400.0
g_g005960,222500.0
g_g005965,72300.0
g_g005972,138500.0
g_g005974,200600.0
g_g005975,393510.0
g_g005978,218000.0
g_g005982,348100.0
g_g005990,323600.0
g_g005992,156500.0
g_g006003,266900.0
g_g006020,334950.0
g_g006023,233000.0
g_g006027,111500.0
g_g006055,503900.0
g_g006057,478650.0
g_g006061,401039.0
g_g006065,320060.0
g_g006076,150000.0
g_g006084,351550.0
g_g006092,116800.0
g_g006096,52000.0
g_g006100,523234.0
g_g006101,698310.0
g_g006102,118500.0
g_g006114,36000.0
g_g006130,1177210.0
g_g006132,277480.0
g_g006135,290320.0
g_g006137,170600.0
g_g006142,142700.0
g_g006151,499270.0
g_g006152,953000.0
g_g006161,269050.0
g_g006163,93450.0
g_g006168,679300.0
g_g006175,141700.0
g_g006179,300700.0
g_g006180,337600.0
g_g006181,89500.0
g_g006189,42700.0
g_g006190,101100.0
g_g006196,236846.0
g_g006197,497000.0
g_g006201,181380.0
g_g006210,478200.0
g_g006212,264400.0
g_g006213,755400.0
g_g006214,37390.0
g_g006223,99100.0
g_g006227,436400.0
g_g006231,68700.0
g_g006249,82000.0
g_g006256,359080.0
g_g006260,272900.0
g_g006265,155300.0
g_g006280,220515.0
g_g006287,463200.0
g_g006322,150500.0
g_g006323,87000.0
g_g006325,1120250.0
g_g006330,232000.0
g_g006331,181400.0
g_g006359,371030.0
g_g006363,71000.0
g_g006367,250660.0
g_g006372,342550.0
g_g006376,203700.0
g_g006378,187300.0
g_g006393,113760.0
g_g006402,150300.0
g_g006414,597800.0
g_g006442,120800.0
g_g006447,134000.0
g_g006459,98300.0
g_g006460,172600.0
g_g006461,354300.0
g_g006462,483100.0
g_g006465,115300.0
g_g006468,104670.0
g_g006469,482600.0
g_g006470,122900.0
g_g006473,38000.0
g_g006475,166300.0
g_g006477,170200.0
g_g006482,252450.0
g_g006489,112600.0
g_g006492,69400.0
g_g006496,260300.0
g_g006497,100200.0
g_g006510,93500.0
g_g006516,206800.0
g_g006517,442500.0
g_g006523,93500.0
g_g006524,408600.0
g_g006529,111500.0
g_g006548,163800.0
g_g006578,347800.0
g_g006588,176500.0
g_g006601,86500.0
g_g006606,116300.0
g_g006629,168500.0
g_g006651,448700.0
g_g006666,326600.0
g_g006668,363300.0
g_g006677,90600.0
g_g006698,96700.0
g_g006715,264800.0
g_g006718,37600.0
g_g006725,201500.0
g_g006730,219270.0
g_g006739,42600.0
g_g006741,542190.0
g_g006764,36800.0
g_g006768,334190.0
g_g006775,146800.0
g_g006777,186500.0
g_g006785,479800.0
g_g006787,636600.0
g_g006800,362364.0
g_g006803,188100.0
g_g006805,296900.0
g_g006807,237700.0
g_g006812,85600.0
g_g006818,60500.0
g_g006822,89200.0
g_g006828,118000.0
g_g006831,246200.0
g_g006834,324680.0
g_g006835,182000.0
g_g006836,210400.0
g_g006842,758400.0
g_g006843,339180.0
g_g006844,205000.0
g_g006859,350500.0
g_g006860,95000.0
g_g006861,474200.0
g_g006877,290970.0
g_g006893,90300.0
g_g006910,56000.0
g_g006913,146700.0
g_g006921,227250.0
g_g006925,553500.0
g_g006945,309100.0
g_g006946,145700.0
g_g006947,629700.0
g_g006954,197500.0
g_g006961,185090.0
g_g006962,115480.0
g_g006971,340600.0
g_g006974,298550.0
g_g006976,683400.0
g_g006983,360030.0
g_g006986,571870.0
g_g006989,101000.0
g_g006996,249200.0
g_g006999,161900.0
g_g007007,71000.0
g_g007008,125200.0
g_g007012,279000.0
g_g007013,190200.0
g_g007015,276380.0
g_g007017,532420.0
g_g007022,270660.0
g_g007029,263300.0
g_g007033,164500.0
g_g007035,240300.0
g_g007037,158800.0
g_g007038,285400.0
g_g007041,230200.0
g_g007052,65800.0
g_g007054,235600.0
g_g007056,395810.0
g_g007058,138900.0
g_g007074,426200.0
g_g007086,170160.0
g_g007099,161200.0
g_g007104,86700.0
g_g007105,442587.0
g_g007120,203300.0
g_g007122,206900.0
g_g007123,138000.0
g_g007152,76500.0
g_g007157,134300.0
g_g007163,100100.0
g_g007175,242600.0
g_g007176,396000.0
g_g007180,72500.0
g_g007196,122200.0
g_g007199,509590.0
g_g007208,174500.0
g_g007209,350500.0
g_g007213,92000.0
g_g007215,52000.0
g_g007218,738900.0
g_g007223,107200.0
g_g007224,229400.0
g_g007225,512600.0
g_g007226,260400.0
g_g007227,52360.0
g_g007228,198700.0
g_g007230,217500.0
g_g007231,132000.0
g_g007232,295000.0
g_g007236,95720.0
g_g007244,250900.0
g_g007248,356760.0
g_g007258,1595300.0
g_g007308,105400.0
g_g007309,356900.0
g_g007310,438500.0
g_g007312,176300.0
g_g007330,87100.0
g_g007336,81100.0
g_g007337,29500.0
g_g007338,86900.0
g_g007339,36000.0
g_g007340,149480.0
g_g007342,111400.0
g_g007346,42600.0
g_g007347,7000.0
g_g007348,42500.0
g_g007351,32300.0
g_g007352,32470.0
g_g007353,137900.0
g_g007354,30500.0
g_g007355,130000.0
g_g007360,58900.0
g_g007363,51020.0
g_g007364,19000.0
g_g007366,17400.0
g_g007368,87800.0
g_g007369,21000.0
g_g007371,79500.0
g_g007373,72400.0
g_g007374,218500.0
g_g007376,72500.0
g_g007377,27200.0
g_g007378,59000.0
g_g007380,56560.0
g_g007381,53200.0
g_g007383,133000.0
g_g007386,73500.0
g_g007389,21200.0
g_g007393,15500.0
g_g007395,57700.0
g_g007396,59500.0
g_g007401,64300.0
g_g007404,42000.0
g_g007405,57000.0
g_g007407,39350.0
g_g007410,99000.0
g_g007411,90600.0
g_g007412,103500.0
g_g007413,119000.0
g_g007414,34300.0
g_g007416,40000.0
g_g007417,388130.0
g_g007420,197632.0
g_g007432,198400.0
g_g007433,123900.0
g_g007434,179550.0
g_g007435,186300.0
g_g007454,290000.0
g_g007476,460188.0
g_g007513,265680.0
g_g007514,49900.0
g_g007515,86500.0
g_g007523,83300.0
g_g007524,74410.0
g_g007528,81700.0
g_g007535,283000.0
g_g007537,181800.0
g_g007538,75900.0
g_g007539,40500.0
g_g007540,211400.0
g_g007546,41500.0
g_g007565,151690.0
g_g007576,114600.0
g_g007596,69800.0
g_g007614,193000.0
g_g007622,32700.0
g_g007628,72937.0
g_g007644,238500.0
g_g007671,39300.0
g_g007675,123000.0
g_g007679,51500.0
g_g007681,79600.0
g_g007684,77700.0
g_g007690,21300.0
g_g007694,95200.0
g_g007704,280000.0
g_g007718,52000.0
g_g007727,198100.0
g_g007729,200800.0
g_g007748,93000.0
g_g007757,8000.0
g_g007762,133500.0
g_g007765,52000.0
g_g007773,42400.0
g_g007776,18500.0
g_g007779,52000.0
g_g007780,77290.0
g_g007785,115720.0
g_g007786,47000.0
g_g007787,41000.0
g_g007789,75800.0
g_g007792,187400.0
g_g007793,6000.0
g_g007807,38500.0
g_g007810,73500.0
g_g007884,173500.0
g_g007895,87600.0
g_g007932,73420.0
g_g007936,18500.0
g_g007947,64000.0
g_g007984,89200.0
g_g007992,163020.0
g_g007993,153100.0
g_g008035,112400.0
g_g008048,102300.0
g_g008051,74200.0
g_g008055,132000.0
g_g008062,544800.0
g_g008090,127800.0
g_g008098,156600.0
g_g008104,53500.0
g_g008106,85600.0
g_g008141,143200.0
g_g008176,50700.0
g_g008219,90000.0
g_g008224,114800.0
g_g008283,44710.0
g_g008284,55600.0
g_g008304,245300.0
g_g008330,122500.0
g_g008332,97000.0
g_g008338,49400.0
g_g008368,24100.0
g_g008382,196900.0
g_g008383,54300.0
g_g008402,114060.0
g_g008405,104600.0
g_g008421,81600.0
g_g008429,84000.0
g_g008434,131600.0
g_g008435,234860.0
g_g008471,174700.0
g_g008514,80600.0
g_g008520,431120.0
g_g008528,117000.0
g_g008531,32000.0
g_g008603,63200.0
g_g008626,175000.0
g_g008644,55500.0
g_g008659,338800.0
g_g008664,36200.0
g_g008681,80500.0
g_g008701,213200.0
g_g008733,80200.0
g_g008737,169700.0
g_g008763,142400.0
g_g008781,49270.0
g_g008789,116880.0
g_g008798,43500.0
g_g008812,466160.0
g_g008830,88200.0
g_g008859,70880.0
g_g008863,50000.0
g_g008866,280700.0
g_g008873,50500.0
g_g008878,122700.0
g_g008895,144400.0
g_g008902,119000.0
g_g008906,76900.0
g_g008925,217850.0
g_g008928,88000.0
g_g008932,176000.0
g_g008968,147000.0
g_g009026,124700.0
g_g009034,51500.0
g_g009114,76910.0
g_g009161,117650.0
g_g009194,88500.0
g_g009210,52600.0
g_g009219,50800.0
g_g009232,32100.0
g_g009233,248650.0
g_g009266,116100.0
g_g009267,34830.0
g_g009273,39000.0
g_g009283,92100.0
g_g009291,136600.0
g_g009320,131100.0
g_g009325,129000.0
g_g009329,35300.0
g_g009332,92900.0
g_g009335,101200.0
g_g009348,186000.0
g_g009355,86000.0
g_g009360,17800.0
g_g009362,63800.0
g_g009365,44600.0
g_g009367,89200.0
g_g009368,18000.0
g_g009370,98620.0
g_g009372,39300.0
g_g009401,103600.0
g_g009414,34400.0
g_g009442,293600.0
g_g009465,37200.0
g_g009482,91250.0
g_g009503,116600.0
g_g009526,71000.0
g_g009533,158600.0
g_g009557,154900.0
g_g009573,39600.0
g_g009577,90000.0
g_g009630,155800.0
g_g009639,127800.0
g_g009661,237100.0
g_g009732,118600.0
g_g009738,72800.0
g_g009745,132800.0
g_g009768,194500.0
g_g009771,76000.0
g_g009783,193800.0
g_g009798,57000.0
g_g009802,75700.0
g_g009815,87400.0
g_g009819,60000.0
g_g009821,34000.0
g_g009858,125500.0
g_g009864,52200.0
g_g009879,169500.0
g_g009898,108000.0
g_g009913,37500.0
g_g009929,179400.0
g_g009931,167500.0
g_g009962,79700.0
g_g009973,29700.0
g_g010002,44700.0
g_g010037,46800.0
g_g010043,122500.0
g_g010044,105900.0
g_g010107,318200.0
g_g010119,14000.0
g_g010153,84000.0
g_g010164,137500.0
g_g010200,38500.0
g_g010210,43600.0
g_g010218,123100.0
g_g010222,297100.0
g_g010224,279120.0
g_g010248,178800.0
g_g010256,51000.0
g_g010282,38500.0
g_g010342,53000.0
g_g010348,78200.0
g_g010357,61500.0
g_g010391,81000.0
g_g010401,72400.0
g_g010407,23200.0
g_g010412,128920.0
g_g010413,70500.0
g_g010415,100600.0
g_g010423,78300.0
g_g010430,74000.0
g_g010439,120300.0
g_g010441,190100.0
g_g010442,128300.0
g_g010444,111800.0
g_g010456,149500.0
g_g010458,81700.0
g_g010461,98500.0
g_g010464,153200.0
g_g010476,85000.0
g_g010477,85300.0
g_g010483,52500.0
g_g010492,23000.0
g_g010506,79700.0
g_g010508,63800.0
g_g010510,84600.0
g_g010515,27000.0
g_g010521,120000.0
g_g010526,122600.0
g_g010545,142800.0
g_g010552,7600.0
g_g010557,137300.0
g_g010569,196040.0
g_g010573,69500.0
g_g010594,207200.0
g_g010599,41500.0
g_g010601,161300.0
g_g010617,214400.0
g_g010624,53600.0
g_g010633,117000.0
g_g010635,63200.0
g_g010656,22000.0
g_g010657,41500.0
g_g010673,76700.0
g_g010674,14000.0
g_g010703,38000.0
g_g010705,103500.0
g_g010717,27000.0
g_g010733,89200.0
g_g010735,53500.0
g_g010743,26000.0
g_g010747,340500.0
g_g010752,38400.0
g_g010757,116800.0
g_g010759,108500.0
g_g010773,71200.0
g_g010776,43450.0
g_g010780,176000.0
g_g010781,80500.0
g_g010785,62500.0
g_g010799,172650.0
g_g010805,68500.0
g_g010807,16500.0
g_g010816,92080.0
g_g010824,14000.0
g_g010835,110400.0
g_g010836,186300.0
g_g010838,47900.0
g_g010840,88800.0
g_g010847,200000.0
g_g010850,61200.0
g_g010859,53000.0
g_g010860,89100.0
g_g010864,66000.0
g_g010870,234100.0
g_g010878,53000.0
g_g010908,98000.0
g_g010910,52000.0
g_g010930,88000.0
g_g010931,107300.0
g_g010932,64500.0
g_g010939,28300.0
g_g010944,72200.0
g_g010945,91000.0
g_g010950,129600.0
g_g010954,71500.0
g_g010972,137000.0
g_g010976,61100.0
g_g010979,63300.0
g_g010982,28000.0
g_g011009,113200.0
g_g011018,23000.0
g_g011038,32000.0
g_g011045,880000.0
g_g011053,152500.0
g_g011054,96000.0
g_g011060,232200.0
g_g011076,41900.0
g_g011077,174500.0
g_g011078,32100.0
g_g011086,136300.0
g_g011091,94300.0
g_g011096,18800.0
g_g011097,71000.0
g_g011098,93000.0
g_g011101,24000.0
g_g011102,160000.0
g_g011105,78700.0
g_g011106,62300.0
g_g011120,131800.0
g_g011123,22000.0
g_g011127,81900.0
g_g011129,18000.0
g_g011131,119000.0
g_g011137,430700.0
g_g011146,80400.0
g_g011148,83500.0
g_g011161,234800.0
g_g011162,144280.0
g_g011163,12000.0
g_g011164,50470.0
g_g011166,48100.0
g_g011171,29500.0
g_g011173,45000.0
g_g011188,46200.0
g_g011189,27900.0
g_g011192,47000.0
g_g011194,34000.0
g_g011197,49500.0
g_g011200,402900.0
g_g011207,129000.0
g_g011212,16000.0
g_g011228,42000.0
g_g011229,63400.0
g_g011232,137700.0
g_g011233,159700.0
g_g011239,55900.0
g_g011242,219600.0
g_g011254,197100.0
g_g011255,160400.0
g_g011268,98700.0
g_g011274,84500.0
g_g011276,74300.0
g_g011286,53000.0
g_g011291,76000.0
g_g011292,59500.0
g_g011295,79000.0
g_g011297,208500.0
g_g011299,82900.0
g_g011300,189500.0
g_g011305,35000.0
g_g011318,61000.0
g_g011323,96000.0
g_g011344,60900.0
g_g011354,64200.0
g_g011365,96800.0
g_g011370,103000.0
g_g011374,61300.0
g_g011376,109300.0
g_g011393,97000.0
g_g011396,148900.0
g_g011398,33800.0
g_g011399,5650.0
g_g011408,55500.0
g_g011409,34600.0
g_g011411,97000.0
g_g011412,95200.0
g_g011422,140300.0
g_g011430,85800.0
g_g011432,30000.0
g_g011435,75400.0
g_g011441,9000.0
g_g011444,92000.0
g_g011448,109000.0
g_g011449,55000.0
g_g011450,67000.0
g_g011454,67460.0
g_g011459,98000.0
g_g011461,32880.0
g_g011464,34500.0
g_g011470,23800.0
g_g011472,119280.0
g_g011473,89000.0
g_g011476,114400.0
g_g011477,85500.0
g_g011478,152660.0
g_g011479,74500.0
g_g011481,81000.0
g_g011482,118600.0
g_g011486,117000.0
g_g011487,26600.0
g_g011489,18000.0
g_g011490,112700.0
g_g011491,58000.0
g_g011496,34000.0
g_g011500,29100.0
g_g011502,111400.0
g_g011508,74500.0
g_g011509,131900.0
g_g011510,107600.0
g_g011511,26000.0
g_g011514,52000.0
g_g011515,136500.0
g_g011517,113760.0
g_g011519,33800.0
g_g011524,124400.0
g_g011526,25000.0
g_g011528,49840.0
g_g011529,50800.0
g_g011530,61000.0
g_g011531,75400.0
g_g011533,83900.0
g_g011534,51900.0
g_g011537,36800.0
g_g011541,39700.0
g_g011551,60000.0
g_g011555,173500.0
g_g011558,104000.0
g_g011562,21000.0
g_g011566,970050.0
g_g011567,80200.0
g_g011571,83900.0
g_g011574,55200.0
g_g011577,76000.0
g_g011578,172000.0
g_g011580,16000.0
g_g011581,31900.0
g_g011582,27600.0
g_g011586,8000.0
g_g011590,91000.0
g_g011591,43300.0
g_g011593,25600.0
g_g011597,128800.0
g_g011598,88790.0
g_g011600,74500.0
g_g011607,36000.0
g_g011612,80500.0
g_g011613,60200.0
g_g011614,124500.0
g_g011619,271700.0
g_g011620,54000.0
g_g011622,63000.0
g_g011628,53900.0
g_g011629,60000.0
g_g011630,685300.0
g_g011631,158000.0
g_g011636,56500.0
g_g011637,42000.0
g_g011644,111500.0
g_g011645,40500.0
g_g011657,10900.0
g_g011669,131500.0
g_g011673,65600.0
g_g011674,30000.0
g_g011677,94300.0
g_g011679,53010.0
g_g011680,59000.0
g_g011683,94000.0
g_g011685,41200.0
g_g011687,47670.0
g_g011691,81400.0
g_g011692,29900.0
g_g011697,44200.0
g_g011704,76100.0
g_g011708,25000.0
g_g011709,31500.0
g_g011714,36000.0
g_g011717,5500.0
g_g011721,67800.0
g_g011722,140200.0
g_g011724,99900.0
g_g011726,47800.0
g_g011734,121600.0
g_g011746,171600.0
g_g011753,69000.0
g_g011754,328500.0
g_g011764,71500.0
g_g011786,24000.0
g_g011787,73500.0
g_g011789,49100.0
g_g011791,76900.0
g_g011805,43900.0
g_g011813,64500.0
g_g011816,76600.0
g_g011818,39200.0
g_g011819,77000.0
g_g011821,55800.0
g_g011822,161415.0
g_g011824,76700.0
g_g011825,48900.0
g_g011826,46000.0
g_g011827,26100.0
g_g011829,69000.0
g_g011830,12500.0
g_g011832,94000.0
g_g011833,55850.0
g_g011835,67365.0
g_g011836,79700.0
g_g011837,52300.0
g_g011838,63900.0
g_g011840,57800.0
g_g011841,73800.0
g_g011843,37000.0
g_g011847,25500.0
g_g011849,44500.0
g_g011850,33000.0
g_g011851,129500.0
g_g011854,90500.0
g_g011857,107300.0
g_g011858,120800.0
g_g011859,825500.0
g_g011860,172500.0
g_g011872,57500.0
g_g011873,107000.0
g_g011876,94280.0
g_g011881,180900.0
g_g011882,111900.0
g_g011899,57000.0
g_g011903,37300.0
g_g011905,21000.0
g_g011908,61000.0
g_g011914,13500.0
g_g011918,41000.0
g_g011922,80700.0
g_g011924,34500.0
g_g011925,29800.0
g_g011926,85600.0
g_g011927,20100.0
g_g011928,24500.0
g_g011929,105600.0
g_g011930,72300.0
g_g011931,214000.0
g_g011934,91600.0
g_g011940,87300.0
g_g011942,20000.0
g_g011943,40500.0
g_g011944,80000.0
g_g011949,119500.0
g_g011950,49700.0
g_g011952,65300.0
g_g011966,122000.0
g_g011970,79000.0
g_g011971,52500.0
g_g011972,93600.0
g_g011983,76700.0
g_g011990,180690.0
g_g011996,63400.0
g_g011999,60400.0
g_g012152,23000.0
g_g012153,89400.0
g_g012155,136600.0
g_g012157,36500.0
g_g012159,50400.0
g_g012160,60000.0
g_g012161,68400.0
g_g012162,80400.0
g_g012164,104900.0
g_g012171,75000.0
g_g012173,149000.0
g_g012174,54490.0
g_g012175,45100.0
g_g012176,117000.0
g_g012177,206200.0
g_g012179,17000.0
g_g012181,45500.0
g_g012182,61800.0
g_g012183,60500.0
g_g012185,56700.0
g_g012186,42300.0
g_g012188,74100.0
g_g012189,80300.0
g_g012190,56500.0
g_g012192,172600.0
g_g012194,30000.0
g_g012196,59000.0
g_g012197,61200.0
g_g012199,170000.0
g_g012200,40500.0
g_g012201,94200.0
g_g012203,102900.0
g_g012205,65000.0
g_g012207,57700.0
g_g012209,49650.0
g_g012212,91500.0
g_g012220,40300.0
g_g012226,32500.0
g_g012227,91000.0
g_g012228,28000.0
g_g012235,72500.0
g_g012236,307000.0
g_g012238,57000.0
g_g012239,94200.0
g_g012240,101500.0
g_g012246,101300.0
g_g012251,83000.0
g_g012254,64900.0
g_g012255,98600.0
g_g012256,4980.0
g_g012257,99800.0
g_g012258,57600.0
g_g012260,18900.0
g_g012261,20200.0
g_g012267,31900.0
g_g012269,41000.0
g_g012270,111900.0
g_g012276,45000.0
g_g012278,47000.0
g_g012280,8800.0
g_g012282,40300.0
g_g012283,53100.0
g_g012289,68100.0
g_g012300,25500.0
g_g012304,97000.0
g_g012307,47000.0
g_g012308,89114.0
g_g012311,44000.0
g_g012314,5500.0
g_g012316,106200.0
g_g012318,51300.0
g_g012323,103800.0
g_g012325,39500.0
g_g012326,199700.0
g_g012333,26600.0
g_g012337,98500.0
g_g012338,39000.0
g_g012339,87600.0
g_g012347,63700.0
g_g012348,102150.0
g_g012350,90900.0
g_g012351,84600.0
g_g012353,65600.0
g_g012371,55800.0
g_g012372,68600.0
g_g012377,47200.0
g_g012379,19970.0
g_g012382,63000.0
g_g012383,91500.0
g_g012386,24800.0
g_g012388,12000.0
g_g012389,66700.0
g_g012391,32000.0
g_g012392,42800.0
g_g012396,91200.0
g_g012400,59200.0
g_g012402,119000.0
g_g012406,66600.0
g_g012410,9100.0
g_g012420,86000.0
g_g012422,157200.0
g_g012430,117500.0
g_g012431,61010.0
g_g012433,82200.0
g_g012435,79000.0
g_g012436,41800.0
g_g012439,87700.0
g_g012447,54800.0
g_g012455,141000.0
g_g012457,93200.0
g_g012458,8000.0
g_g012463,196200.0
g_g012466,34000.0
g_g012472,197000.0
g_g012473,158800.0
g_g012475,74900.0
g_g012478,155900.0
g_g012484,219100.0
g_g012487,182200.0
g_g012494,99500.0
g_g012497,83100.0
g_g012498,28000.0
g_g012502,213720.0
g_g012504,53000.0
g_g012505,19600.0
g_g012515,35600.0
g_g012516,40000.0
g_g012518,195900.0
g_g012520,40900.0
g_g012523,181300.0
g_g012528,120000.0
g_g012530,107300.0
g_g012531,33000.0
g_g012532,53300.0
g_g012541,135400.0
g_g012542,222150.0
g_g012544,77300.0
g_g012546,109540.0
g_g012557,46250.0
g_g012571,99400.0
g_g012572,127100.0
g_g012580,37000.0
g_g012582,117500.0
g_g012583,170700.0
g_g012586,109000.0
g_g012591,64000.0
g_g012596,62300.0
g_g012604,183400.0
g_g012617,68500.0
g_g012620,56700.0
g_g012624,59000.0
g_g012628,59800.0
g_g012634,90100.0
g_g012639,62500.0
g_g012643,58000.0
g_g012650,15100.0
g_g012653,96000.0
g_g012655,127930.0
g_g012656,61000.0
g_g012658,116300.0
g_g012659,50800.0
g_g012660,17500.0
g_g012662,152100.0
g_g012665,38000.0
g_g012674,66900.0
g_g012675,27600.0
g_g012676,10300.0
g_g012677,155000.0
g_g012679,59300.0
g_g012680,64900.0
g_g012682,120600.0
g_g012686,35500.0
g_g012687,39000.0
g_g012688,101500.0
g_g012689,181700.0
g_g012690,59000.0
g_g012696,14500.0
g_g012697,18000.0
g_g012698,79500.0
g_g012699,48500.0
g_g012702,36000.0
g_g012704,144860.0
g_g012705,174000.0
g_g012711,17900.0
g_g012713,81500.0
g_g012716,85000.0
g_g012718,71400.0
g_g012721,15000.0
g_g012723,119000.0
g_g012724,87000.0
g_g012726,219950.0
g_g012727,55000.0
g_g012728,122490.0
g_g012731,12440.0
g_g012732,29700.0
g_g012742,81000.0
g_g012745,54800.0
g_g012749,186600.0
g_g012750,61000.0
g_g012751,21500.0
g_g012752,122900.0
g_g012753,68300.0
g_g012755,229000.0
g_g012757,29880.0
g_g012761,94000.0
g_g012764,60300.0
g_g012767,90400.0
g_g012770,41500.0
g_g012772,65450.0
g_g012774,30600.0
g_g012775,35500.0
g_g012776,95500.0
g_g012780,39400.0
g_g012781,110140.0
g_g012783,29500.0
g_g012791,29750.0
g_g012796,68000.0
g_g012803,55000.0
g_g012805,48000.0
g_g012807,82140.0
g_g012812,94600.0
g_g012814,26000.0
g_g012831,52300.0
g_g012857,76500.0
g_g012858,15000.0
g_g012864,104320.0
g_g012873,34000.0
g_g012874,32500.0
g_g012880,54800.0
g_g012883,69800.0
g_g012884,90800.0
g_g012891,19000.0
g_g012902,25260.0
g_g012905,80000.0
g_g012917,24500.0
g_g012919,176300.0
g_g012927,70900.0
g_g012933,28050.0
g_g012936,114900.0
g_g012943,143600.0
g_g012963,48000.0
g_g012989,48000.0
g_g012990,78500.0
g_g012999,76500.0
g_g013010,137000.0
g_g013012,197000.0
g_g013022,24100.0
g_g013023,42300.0
g_g013024,31500.0
g_g013027,85300.0
g_g013029,88700.0
g_g013037,117000.0
g_g013038,59500.0
g_g013041,5000.0
g_g013042,36800.0
g_g013044,18000.0
g_g013045,35000.0
g_g013046,184300.0
g_g013048,12500.0
g_g013050,69920.0
g_g013059,52700.0
g_g013061,19000.0
g_g013062,76000.0
g_g013063,20500.0
g_g013065,132000.0
g_g013066,456360.0
g_g013070,42800.0
g_g013074,34300.0
g_g013080,48550.0
g_g013084,70400.0
g_g013087,79100.0
g_g013088,51100.0
g_g013090,18200.0
g_g013093,8000.0
g_g013095,12300.0
g_g013096,30000.0
g_g013097,36000.0
g_g013102,143000.0
g_g013105,43000.0
g_g013111,36500.0
g_g013113,49310.0
g_g013114,54000.0
g_g013125,54500.0
g_g013127,48079.0
g_g013128,18300.0
g_g013131,36600.0
h_h001459,461600.0
h_h003280,34300.0
